Text,Imagepath,Text_label,Image_label,Multi_label
"Rs 47,990  31% off  Rs 4000 bank discount on Honor MagicBook X14 2023Deal affiliate httpsamzn.to3WQj05X#deal #sale #discount #offer #honor #honormagicbookx14 #laptop #premiumlaptop #computer #pc #dell #hp #lenovo #acer #asus #samsung #apple #macbook",2665.jpg,0,0,0
"Oh thank goodness, I finally drew him. The card that will improve all of my decks. Thank you for this blessing and gift, #MarvelSnap. #worstcard",2666.jpg,0,0,1
Words are not enough to express how excited I am to have found what I consider to be the figure of the year nee the decade. @PlaymatesToys you knocked it out of the park! #TMNT  #DoBetter #OrLetSomeoneElseDoIt,2667.jpg,1,0,1
"#jobs #makemoneyonline #makemoneyfromhome   Chat for cash? Yes, please!  Don’t wait for that paycheck  make it arrive sooner.  If you are interested, then you need to watch the video  WATCH HERE httpsMiles.clickera.comchatjob",2668.jpg,0,0,0
#百度##文心一言#感觉百度的文心一言有些傻，问他消息来源，它不能提供。拿它和newbing做对比，它也无法给出回答。让它写一篇连云港园博园的报道，要求图文并茂，它也无法完成。,2669.jpg,0,0,0
Work hard give your  %  #fun ,2670.jpg,1,1,1
When you get lukewarm chilled latt to drink. #Oxymoron#DelhiSummer,2671.jpg,1,0,1
说的好像女的不用忙赚钱，而且职场对女性的打扮要求我就不说了,2672.jpg,1,0,1
#百度搜不到爱奇艺##爱奇艺##文心一言#不知道文心一言有没有胡说八道,2673.jpg,1,0,1
"分享一个好消息C咖和罗永浩交友成功！@交个朋友C咖，在清洁泥膜研发不断探索，个月迭代到第三代，累计售出万罐！深层清洁不伤肤，源头拦截油转黑头，一起见证成分与科技的力量。月日，记得来天猫“罗永浩直播间”，与我们交个朋友！关转赞，抽个小可爱送直播间C咖同款清洁泥膜！#世界很小,只留精华##罗永浩#O抽奖详情 ",2674.jpg,0,0,0
#鼠鼠我鸭#想到咱老板的这句歌词，真应景“法外无它，我配合你一下”“恶能美化，那鹿就是马”#涉事学校曾因老鼠事件被联合执法#,2675.jpg,1,0,1
"The Tory idea of privatising the Australian Public Service has worked so very well for Australia. $Billions in tax revenue lost forever and the consulting companies get off scot free, still operating as the quasi APS and charging $Millions for the opportunity. #auspol",2676.jpg,1,1,1
"Yes, he said it. I’m looking up the definition of racist just to make sure  ",2677.jpg,1,1,1
DO NOT TRIP ME WITH YOUR TAUNTSMY VEIN OF RESPECT MAY GET SNAPPED#taunt #taunts  #sarcasticmemes memes #sarcastic #respect #trip #trippy #vein #2lines #2liners #poetrylover #shayarilover #poetry #shayari #shayri #urdupoetry #poetrycommunity #urduadab #rekhta,2678.jpg,0,1,1
#House #front yard,2679.jpg,0,0,0
"Yes, you read that correctly. Garland is obviously a MAGAt.  Makes total sense. ",2680.jpg,1,1,1
#笑果#希望大家检举它，竟然它想要流量，这流量我们得给,2681.jpg,1,1,1
"Rs 42,990 21% off  Rs 3000 bank offer on ASUS Vivobook 15 2023, Intel13th GenDeal affiliate httpsamzn.to43qhGcD#deal #sale #discount #offer #asus #asusvivobook15 #laptop #pc #computer #office #student #school #college #lenovo #dell #hp #realme #tech #apple #samsung",2682.jpg,0,0,0
Finally home....now get comfortable.#mondaynight #afterhours #humor  #web3 #web3community #web3art #inspiration #digitalart #digitalartist #metaverse #metaversegeneration #metaversenft #nft #nftartist #nftart #crypto #cryptoart #nftcrypto #posterart #posterartist #art,2683.jpg,0,1,1
Rings. #cream #crossxdream #dreamsans #dreamtale #dream #undertale #undertaleau #crosssans #sanscest,2684.jpg,0,0,0
#Commonsense is conspicuous by its absence in the #world today. Most #scientists and #university #professors think that common people have no commonsense. And the common man who has common sense is scratching his head.  #facts #factorio #FactsNotFear #TruthMatters #Science,2685.jpg,1,1,1
"The great thing about living on the northern plains are the great spring temperatures we sometimes get.  Example, the minimums so far this morning.   #ndwx #mnwx #mtwx",2686.jpg,1,0,1
Just for #fun#jokes#comedy#Ckmkb,2687.jpg,0,1,1
#罗永浩##宁观新闻#该来的终于来了，中国电商的发展风向果然变了！双十二前夕，罗永浩旗下的交个朋友公司曝出一个大料，继双之后再次加码直播电商，成立了专注于淘宝直播业务的淘宝事业部。看似只是一家公司普通的组织变阵，实则背后透露出一个强烈的信号，那就是电商的打法变了，整个国内电商的发展风向已经变了。在过去的天猫双十一，个淘宝直播间成交额破亿，个淘宝直播间成交额在千万元。而罗永浩的直播间，在“粉丝增长”一项位居全平台第一在新主播成交额维度位列全平台第一。同时也是个“成交额破亿”的直播间之一。不仅是双十一，数据显示，过去一年，淘宝新增超过万名新主播，其中不乏罗永浩这样来自其他平台的头部主播。以前都说直播的尽头是带货，短视频平台会成为传统电商的新风口，现在回过头来才发现，原来直播的尽头还是淘宝。说到底，淘宝毕竟是掀起网上购物风潮的发源地，而建立在成熟电商基础设施之上的淘宝直播，有着最成熟的物流、售后、支付、仓储以及商家服务体系。换句话来说，短视频平台主播的需求都能在淘宝直播找到，也只有在这里才能最大程度的将流量变现。所以淘宝直播成为大家看好的新赛道，这并不意外。而直播成为电商行业的新打法，也是大势所趋，电商的发展本来就不应是一成不变的，只有跟随时代变化才能注入新动力，保持长足的竞争力，我们也相信这一切都是向好的。 ,2688.jpg,0,0,0
Oh boi! Things are getting real! #Steam,2689.jpg,0,0,0
Why are red states hiring much faster than blue states?This is the most interesting labor market analysis I've seen in months. Hint It mostly comes down to lower pay and higher job turnover in red stateshttpswashingtonpost.combusiness20230526hiringredbluestates via @andrewvandam #Jobs,2690.jpg,0,0,0
"#Biden to sent 31 #AbrahamTanks to #Ukraine. Get ready, Russia. This is going to hurt. Make sure you watch your water pipes. #FJB",2691.jpg,1,1,1
Russia We don't recognize the ICCEveryone to Putin Watch out visiting your 4 kids and Alina Kabaeva. #PutinWarCrimes ,2692.jpg,1,0,1
受邀参加百度文心一言的测评，测试了下当下火出圈的淄博烧烤事件，前后十多次的不同提示，它的回答简直让人无语，有点胡编乱造的赶脚，怀疑它的数据也是停留在两年前。最后一张是用chatGPT回答的，看懂的自行翻译吧。所以说，人工智能AI还有很大的差距，任重而道远！#AI##文心一言#O绿洲 ,2693.jpg,1,0,1
最近在思考一件事，数码博主为啥整天就是玩手机？有营养的东西在哪？数码真的这么窄吗？还是MCN为了商单造成了这个局面？车企开始削减预算手机品牌开始缩减预算初创产品刷单也消耗预算消费者听谁的才买对的不买贵的？#亿中国人面临隐性饥饿#钱，要挣没问题，可牛逼哄哄背后#锤子手机#的净化空气APP下架，这雾霾来了，咋办？#新能源汽车#补贴过了，一地鸡毛一堆车主怎么办？测评也好，给人安利好产品也罢可以摸摸良心吗？本人，汽车行业从业者爱好数码科技和摄影 ,2694.jpg,0,0,0
OK... yes  6% of US high school kids binge drink.  But alcohol companies don't market to teens.But 5.6% of US high school kids vape nicotine frequently.  This obviously proves vape firms market to teens. ,2695.jpg,1,1,1
Wow those two pictures together are powerful!@JohnFetterman get well soon! Your strength pushing forward shows.I too suffer from depression and support your fight!#IGetKnockedDownButIGetUpAgainI'm sure Republicans never get depressed ,2696.jpg,1,0,1
ChatGPT和文心一言为宝马写的新闻稿，比真人的公关团队强多了文心一言回答偏题了，问题是替写不是发表评论#chatgpt##文心一言##宝马mini道歉#,2697.jpg,0,0,0
#鼠鼠我鸭#尊的看起来就是杰瑞,2698.jpg,1,1,1
今晚直播调戏#文心一言#,2699.jpg,0,0,0
黑暗中的光#耐克#,2700.jpg,0,0,0
网页链接有名的，我非常尊重的学者，还在不停的书写，不说有没有人看，只是没有用。。。就这样了，那什么有用？减肥，变漂亮。。。打点botox，做做皮肤。。。一起变漂亮吧，夏天了，脱毛，减肥，运动。。。不是讽刺，是真的这么觉得。。。对于个体来说，知道的再多，也没有用。...全文,2701.jpg,0,0,0
#HM#这个质量真的是差差差差差，159的裤子已经不算便宜了，穿了三次就起球，洗了三次依然褪色，我真的佛了，搞成这样还吹什么性价比，以纯森马同价位不香吗，啊？,2702.jpg,0,0,0
#鼠鼠我鸭#你们两给我小心点不听话就把你们拿去做鸭脖,2703.jpg,1,0,1
"Business CV Template for MS Word, instant download httpsgosumocvtemplate.comproductbuycvtemplateedinburgh #jobs #jobsearch #resume",2704.jpg,0,0,0
罗永浩的直播公司上市了？“真还传”剧终，罗永浩更上一层楼。他的直播公司交个朋友，已经在港股上市了。月日，港股上市公司世纪睿科宣布，全资收购交个朋友公司，拥有“交个朋友”的核心IP和全部账号。同时，世纪睿科宣布更名为“交个朋友”，借壳上市达成。从英语培训学校到锤子手机，再到交个朋友，罗永浩多次创业，跌宕起伏，用自己的经历印证了“认真吹牛逼的人，终会变得牛逼”。我们更关心的是，交个朋友港股上市，将被拿来直接对标俞敏洪的新东方在线。目前，这两家公司市值相差倍。#俞敏洪##罗永浩##董宇辉# ,2705.jpg,0,0,0
"不必去求诗的意义。诗有意义是诗的不幸！围城中嘲讽那些不知所云的新诗从曹元朗口中再说出来,也很好的解释了他迷幻的结局不必去求婚姻的意义,婚姻有意义是婚姻的不幸来欣赏乌青的《对白云的赞美》天上的白云真白啊真的，很白很白非常白非常非常十分白特别白特白极其白贼白简直白死了啊",2706.jpg,0,0,0
@辽宁省教育厅官方微博#辽宁延迟开学##开学##腐败#,2707.jpg,1,1,1
职场女性,2708.jpg,0,0,0
hhhhhhhhh可以关注下这位up：精致的男孩富贵他一直在更新这种嘲讽视频,2709.jpg,0,1,0
#鼠鼠我鸭#协学指鸭，慕名而来。,2710.jpg,0,0,1
2022,2711.jpg,0,0,1
#男女平等#今天看到一个视频，不明白为什么有的人会曲解它的意思，搞男女性别对立，而且视频内容说了是特指，不是泛指，有些男宝非要自我代入，难道现在的社会现象还反映不出一些问题吗？为什么有的人还在故步自封，守着老思想，旧观念，为什么嘴上说着男女平等，却从来没有让人真正感受到。,2712.jpg,0,0,0
#dream it’s like you’re fighting your brother.and these are a very proud smile of a dad of the said brother.,2713.jpg,0,0,0
以为这是搞艺术的在反讽！查看图片,2714.jpg,1,0,1
#每日一问##chatgpt##创业##经济#找工作与创业该怎么选择？经济不佳时如何维持下去？自我迭代式询问。,2715.jpg,0,0,0
反讽听不懂？@高比拜仁回复@火锅男孩NSDD你手嘟嘟你说骂女人的时候那句话就不是错误的了，本身是错误的话无论用在男女身上它都还是错误的啊。况且无论男女都有好的坏的@火锅男孩NSDD你手嘟嘟苍蝇不叮无缝蛋，一个巴掌拍不响，那些个导师不也出轨了吗如果不被勾引到，不就没事了,2716.jpg,0,1,0
这些小可怜儿可都是妈妈的宝贝啊！你们怎么一点情面都不讲呢？！他们虽然对别人家的女儿不好，可那又怎么样呢？！都是那些女人的错！她们配不上妈妈的好大儿啊！我儿子想找什么样的没有啊！都是这些女人上赶着扑我儿子的！#陈露晒霍尊聊天记录##吴签##曝罗志祥妈妈对周扬青不满#把我妈好多肺腑的好话理解成对你的斥责都是你不对！北京开阳里永乐居 ,2717.jpg,1,0,1
普及一个新成语见易思签#李易峰##吴签#,2718.jpg,1,1,1
#鼠鼠我鸭#网上找了一张老图，感觉蛮协调的，我给了鼠鼠我鸭完整的一身？身子不是江西那个鼠鼠我鸭的啊，别说我造谣，不过这么光泽，这色调，真搭。最近可以节食了，找图都快找吐了。,2719.jpg,1,1,1
#锤子手机#偏执、坚持、疯狂、不妥协、工匠精神、骄傲和喜悦，还有情怀，真的存在,2720.jpg,1,1,1
#鼠鼠我鸭#是指鹿为马？如果学校作假，有人来查，如果监管作假，谁来查？,2721.jpg,1,1,1
"#makemoneyonline #jobsOpportunities wait for no one! If you can manage to squeeze in 58 hours a week, you could earn a generous $35$45 per hour managing social media for various companies! Don't let this chance pass you by  visit the link now!httpsMiles.clickera.comeffortlessmontlessmoney",2722.jpg,0,0,0
#文心一言#气笑了,2723.jpg,1,1,1
品牌每年定番发布的军事物资再造系列：以05年NicolasCage经典作品LordofWar结合美军公发pttee为载体进行二次创作，后勤物资军火之王的重新解读：以Imanecessaryevil为发想主题，Repaintarmyteeby#GunC讽刺意味拉满的PTTee第二回合本周上线,2724.jpg,1,1,1
"“Yeah, the sunglasses are just right for me..  “ Mini Nikki Sixx",2725.jpg,0,1,1
哈？！日语中“将军”的读音翻译过来是“笑果”？？这#笑果##专家称笑果文化至少3年内不能上市#,2726.jpg,1,0,1
#罗永浩#罗永浩最后一次创业路难平AR设备去年仅出货万台，比做手机更难创办锤子科技的失败经历扒了罗永浩一层皮，最严重的时候甚至让他起过自杀念头。然而，就在噩梦将醒、亿多元债务即将还完之际，罗永浩再一次投身创业这一高风险职业。这一次，他瞄准的创业项目是AR，这不是一个新鲜赛道，却是当下最热门赛道之一。罗永浩说，这是他最后一次创业。现在做AR是一个好时机吗？在谈及创业方向时，罗永浩称只有电动汽车和AR两个方向是真正感兴趣并愿意投入后半辈子去做的。但综合估算难度和时间窗口后，选择了AR。目前的AR赛道虽然看似“群狼环伺”，但大多处于“小试锋芒”的阶段，创业公司有机会杀出重围。正如罗永浩所说，全新的AR时代，大家都是在白纸上作画。“AR如果一两年就能大规模商业化，科技巨头很快就会都冲进来，创业公司很难有机会了。”AR之路比手机更难？“AR要比手机提供更多的功能，还有额外的独特功能，如虚实融合、用户定位，甚至包括分布式的AR等，并涉及到更多的用户隐私和信息安全等很多问题。”刘越认为，重起炉灶开发AR操作系统，其难度和复杂度要大于手机。消费端爆发至少仍需年目前尚难解决的技术困境在一定程度上决定了AR并不低的成本，而相对高昂的价格实际上也决定了目前AR落地的路径。这也导致已发展数年的AR行业依旧惨淡。据IDC数据，去年全球VRAR头显出货量为万台，其中AR出货量仅有万台，占比不足.%。该机构还预计，去年ARVR头显B端落地将占到%以上，尤其是AR消费市场尚处在初级阶段。十年前，怀揣着“改变世界”梦想的罗永浩创办了锤子科技，那时他正好岁。十年轮回，今年正满岁的罗永浩再次出发。当年做手机时机晚了，这次做AR正当时，这次创业罗永浩会成为下一个“乔布斯”还是上演《真还传》，我们且行且看。 ,2727.jpg,0,0,0
讲真，中国现在的教育越来越失败了。#吴签#事件和这#秦皇岛岁男生因救个姑娘牺牲#都能管中窥豹！@中国教育报@健康中国@河北日报@央视新闻,2728.jpg,0,0,0
#东方Project##重大新闻#只能说：祝好运。,2729.jpg,0,0,0
#鼠鼠我鸭#鼠鼠我鸭，哈哈哈，这难道是新的物种。,2730.jpg,1,1,1
Great coverage by @AppleTV for @ColumbusCrew tonight ,2731.jpg,0,1,1
我要笑死了#文心一言#,2732.jpg,1,0,1
哈哈哈哈哈哈所以法医清明是看不了了吗？#吴签#,2733.jpg,1,0,1
#涉事学校曾因老鼠事件被联合执法#学生在学校是弱势群体，指鹿为马是必然的，不认怂是不行了#鼠鼠我鸭#,2734.jpg,0,0,0
"Private House in Lyon by @georgiostataridis Get Inspired, visit httpmyhouseidea.com#myhouseidea #interiordesign #interior #interiors #house #home #design #architecture #decor #homedecor #casa #archdaily #beautifuldestinations",2735.jpg,0,0,0
竟然把我叫成吴签，真的牛#吴签#长沙宜居莱茵城,2736.jpg,1,1,1
#突发事件#【区人大常委会在区公安局专题调研突发事件应对处置工作】7月20日上午，区人大常委会组织部分常委会组成人员、工委主任和部分区人大代表，在区公安局调研突发事件应对处置工作。区人大常委会副主任李红军参加调研。区公安局政委李金生汇报工作情况。区人大常委会在区公安局专题调研突发事件应对处置工作...全文,2737.jpg,0,0,0
#法国#这两年可谓一波平一波又起黄背心还未平息多家工会又发起反政府退休改革罢工游行12月5日，根据法国内政部发布的数据，这场游行已引发80.6万人响应巴黎交通亦因此近乎全面瘫痪当地媒体指出，罢工涉及的行业甚广除了公交，还包括医疗、教育等这些罢工者希望重现1995年大规模罢工、...全文,2738.jpg,0,0,0
刘F吾日精进：体验：突发及未知事件来临时，是人生的转折。核心：靠智慧而不简单依赖知识。我用：定静升出智慧。国裕人今日精进#东盛金属##哈尔滨wkg世界综合格斗赛##智慧城市##突发##WHO将疫情列为国际关注突发公共卫生事件##突发事件##北京突发#,2739.jpg,0,0,0
#technodad fiercely competitive but mutual respect at the same time #dream it's like you're fighting your brotherand technoblade's dad smile after that ' I'm not gonna survive the mv bro I'm so serious,2740.jpg,0,0,0
通过内测版，特意找了个安卓手机，ai画的还行吧#文心一言#,2741.jpg,0,0,0
一眨眼，魅族被吉利收购，罗永浩重新创业，世事无常变幻莫测，以前的青春早已不在#锤子##罗永浩#他说如果我们成功，很大程度上，这是正派、体面、原则性和理想主义的成功因为价值观方面的原因，我们得到了太多不合一般商业逻辑的的支持与帮助。如果我们失败，可以肯定，这是商业能力的不成熟，跟我们没有采取流氓手段没有丝毫关系，更谈不上理想主义和情怀的失败。不管是在大洋彼岸，还是在祖国。不管是在为别人搬砖，还是为自己抗水泥。如今的我虽然脑满肠肥，油腻不堪，整日蝇营狗苟，但是骨子里的天生骄傲依然如同年一脸愤青，独自背包奔赴新大陆的那个少年。#Borntobeproud罗永浩时代先锋村 ,2742.jpg,0,1,0
#鼠鼠我鸭#不信谣不传谣，你们懂什么？,2743.jpg,1,1,1
Follow  Read More httpbit.lySpanishNews Quin ama un momento importante de Trump ms que 'Saturday Night Live'?  @butterwordblog #SpanishNews #ama #importante #live #ms #momento #night #quin #Saturday #Trump,2744.jpg,0,0,0
 UPDATE 060123OP saw #PHARITA at Axotix Cafe in Bangkok engaging to dogs#BABYMONSTER #@YGBABYMONSTER #DREAM,2745.jpg,0,0,0
#罗永浩完成万美元天使融资#。公司名，细红线科技。ThinRedLine.主攻方向下一代智能终端和操作系统。投后估值约为亿美元。细红线就是#罗永浩#说的“最后一次创业”的VR公司，第一轮融资就拿到这么多钱，还是非常给力的。老罗的公信力是在还清了亿债务之后似乎提高了不少，投资人知道老罗“真还钱”以后，更愿意投钱给他了。 ,2746.jpg,0,0,0
呵呵,2747.jpg,0,1,1
"Wow, what a brilliant idea! Let's all vote for Putin in Australia! And when he arrives, we can just hand him over to the International Criminal Court because of course he'll definitely be convicted. Genius plan, truly.#StateElections#PutinToTheSenate",2748.jpg,1,1,1
Yay !!!!! I’m so pumped. I just can’t wait to inject my kids with this vaccine that we have no long term side effect data on. And I am so pumped up as well to start giving them boosters! 10 boosters before they hit 10 years old I reckon !  ,2749.jpg,1,1,1
#鼠鼠我鸭#此情此景又要把老图搬出来了。学生是弱势群体，看热闹不嫌事大的差不多就行了，别最后让学生二次受害。,2750.jpg,0,1,1
我很努力，差距巨大#贫富差距#益阳,2751.jpg,0,0,0
#男女平等实现了吗##男女平等#现在这个社会，男女平等还是没有实现1、女明星出轨，人人喊打，一点机会也没有。反观男明星，出轨、家暴都能被原谅。女人何苦为难女人2、现在的工作机会，男女还是不能平衡3、男主外，女主内现在的女性要上班，下班回去还要照顾家庭、小孩...全文,2752.jpg,0,1,1
浏阳骨伤医院浏阳骨伤医院好绝，不仅技术精湛，挂号也全靠黄牛，治个病挂号就要千多块，每次去到挂号机面前都挂不到号，然后黄牛就走过来说给一百就可以不用排队，直接去看医生，这家医院就是养黄牛的吧。虽然网上很多人举报，也有人告到公安机关，但一两百也不能立案，我发这帖子告诉广大人民，...全文,2753.jpg,1,0,1
Winning loveis a marvel to some defeat forunheard poets... #love #voice #losing #Jyotichand,2754.jpg,1,0,1
"When you look up lack of self awareness in the dictionary, this picture shows up! It also uses the image for irony as well!!!!#YouCantMakeThisSitUp  #CookerWatch",2755.jpg,1,0,1
"Ready to take your online business to the next level? From design to deployment, WebLiveSolution#WordPressDevelopment services #Offer a seamless experience that delivers a powerful online presence for your brand. #PricingStartingFrom  12,000Get in touch today!",2756.jpg,0,0,0
#文心一言#这个奥特曼画得好造孽#百度文心一言#,2757.jpg,1,0,1
"Questions #50swomen to ask yourselvesdo your feel gullible, deluded, an idot?do you think the pensionphso debacle is a #stitchup ?What is acceptable #maladministration crumbs for a few or #fullrestitution for all? not lost on this  so much for #onevoice #pileone",2758.jpg,1,0,1
对话#罗永浩#我很高兴得到了亡命徒这评价#对话罗永浩我很高兴得到了亡命徒这评价#距离罗永浩宣布退出所有社交平台、全力进军AR创业，已经过去半年了。上个月，他的新公司细红线科技宣布获得一笔万美元的昂贵天使轮融资，由美团龙珠领投，蓝驰、联想等机构跟投，估值已超亿美元。>>O对话罗永浩我很高兴得到了亡命徒这评价 ,2759.jpg,0,0,0
#hoodniggas  #hoodmemes,2760.jpg,0,1,1
罗永浩任职公司增资至万美元#罗永浩#企查查APP显示，近日，北京子雄信息科技有限责任公司发生工商变更，公司注册资本由万美元增至万美元。企查查信息显示，该公司成立于年，法定代表人为罗子雄，经营范围包含销售自行开发后的产品组织文化艺术交流活动公共关系服务等，由所思科技有限公司全资持股，罗永浩担任该公司董事一职。 ,2761.jpg,0,0,0
Eminently qualified to be a Minister of the Crown  #Groomsman #cdnpoli,2762.jpg,1,0,1
总觉得总装扮有点儿日系风格，经网友们这一打扮，诶？祖上没准真有小日子的血脉。#轻松一刻##笑果#日常#李诞#,2763.jpg,1,0,1
NIKOL PASHINYAN during the video communication with Aliyev shows that he remained loyal to his Azerbaijani Republic and that he will soon complete the mission and return home to Azerbaijan. NIKOL RESIGN!!!!,2764.jpg,1,0,1
"But he built the wall, NO? ",2765.jpg,1,0,1
#文心一言#,2766.jpg,0,0,0
I guess Israel must be part of the antisemitic campaign targeting George Soros. Who knew? httpsnytimes.com20170717opiniongeorgesorosisraelhungary.html ,2767.jpg,1,1,1
#文心一言#兔兔这么可爱，怎么可以吃兔兔。。。,2768.jpg,0,1,0
年就已经有鼠头鸭了？看来这个新物种是该校的吉祥物啊#鼠鼠我鸭#,2769.jpg,1,1,1
"#House for sale locate in Kamonyi district Nkoto has 4 Rooms, you can visit a house anytime you want from monday until sunday, price is only 12'000'000 frw for more informations callwhatsapp on 250789073744",2770.jpg,0,0,0
"Check out this awesome 'I Talk to Myself' Tshirt, click the link to shop!!! httpsteepublic.comtshirt44706649italktomyself?storeid=188563  #giftidea #Thursday",2771.jpg,0,1,1
#HM##hm试衣间#集美们快冲呀！!HM的小裙子太了,2772.jpg,0,0,0
文心一言加一分#文心一言#,2773.jpg,0,0,0
#hm#有进步,2774.jpg,0,0,0
都是卷王,2775.jpg,1,0,1
Go ahead say my hair is not cool just one more time? #cats #CatsOfTwitter #CatsAreFamily ,2776.jpg,1,0,1
Before scaling your FB ads you need to have the right foundations...Follow @Samadkhank143 For More Queries ...#marketingwithsamad #businessidea #consultant #offer #freeshipping #shopifydeveloper #marketersofinstagram #digitalagency #shoe,2777.jpg,0,0,0
#鼠鼠我鸭#哎呦我去,2778.jpg,0,1,1
原来这么多年都叫错了是“米鸭子跟唐老鼠”#江西一高校食堂饭菜中疑吃出老鼠头##鼠鼠我鸭#,2779.jpg,1,0,1
每日球鞋詹姆斯白金战靴惊艳赛场#詹姆斯2代#球鞋#耐克#,2780.jpg,0,0,0
@NuthOfficial@TUDOOSHOWROOM@iSuddenlysneezed今日份穿搭#ootd##brandymelville##HM#武汉荟聚购物中心,2781.jpg,0,0,0
为针灸正名别说吴签是在针灸了，我针灸的时候电针能跳三十分钟，电鳗扎针的时候吃药才两分钟#吴签#,2782.jpg,1,0,1
#文心一言#AI智障,2783.jpg,1,1,1
太甜啦Kswl就叫凡百易新吧#李易峰##吴签#,2784.jpg,1,1,1
文心一言，到底是人工智能还是人工智障，连最基础的“今年”都搞蒙圈了#文心一言##人工智能有多智障#,2785.jpg,1,0,1
"Aksari Resort Ubud Photo by @celiasmithGet Inspired, visit httpmyhouseidea.com#myhouseidea #interiordesign #interior #interiors #house #home #design #architecture #decor #homedecor #casa #archdaily #beautifuldestinations",2786.jpg,0,0,0
这是一张内涵图ChatGPT为代表的大模型AI，正在抢走人类的饭碗。#ChatGPT##大模型##文心一言#,2787.jpg,1,0,0
终于排队等到可以测试文心一言了，第一张图怪我，我误写成倒“钩”射门了。目前还对人类智慧放心，希望#文心一言#快一点成长,2788.jpg,0,0,0
"Oh, the irony today's COVIDIOT protests in Nuremberg are close to the former Nazi party rally grounds. And only 4000 instead of 40000 showed up. On the 91st anniversary of Hitler seizing power, how tasteful. ",2789.jpg,1,0,1
翻硕MTI考研干货合集翻译重点词汇二早上好！昨天小马为大家整理了翻译重点词汇的政治板块，大家有没有好好记忆呢那么今天的内容【经济板块】的翻译重点词汇。牢牢地记住这些能让我们在翻译过程中更加得心应手噢了解更多翻硕考研干货，请持续关注广州策马翻译#策马翻译#...全文,2790.jpg,0,0,0
the way i’m right#dream #georgenotfound #BarbieMovie,2791.jpg,0,0,0
#UcheNwaneri was right.  Natural selection does take over at some point.  R.I.P. #VaccineDeath #SADS  #deathbyjab #jabbed,2792.jpg,1,1,1
这并未改革的社会里，一切单独的新花样，都不过一块招牌，实际上和先前并无两样。拿一匹小鸟关在笼中，或给站在竿子上，地位好象改变了，其实还只是一样的在给别人做玩意，一饮一啄，都听命于别人。俗语说：“受人一饭，听人使唤”，就是这。所以一切女子，倘不得到和男子同等的经济权，我以为所有好名...全文,2793.jpg,0,0,0
Finish textured#blender #lasercut #3d #architecture #house #gift #texture,2794.jpg,0,0,0
I don't think it could be more obvious on who the war is finally benefitting. Every single decade. Someone reaps the profits when hundreds die. This is blood money. Major US  European Arms Manufacturers Record Spike in Sales. Then to sermonise about human rights !,2795.jpg,1,1,1
#文心一言#不多说，就品品这一段。前情就是我让他这一首七言绝句。好家伙差点给我整不会了,2796.jpg,1,1,1
Can you say no to this smiley face. #StockPhoto #meme #nerdgonAlley #memes #stupidmemes  #entertaining #wtfmeme #memehearted #crazymemes #memehumor #memeculture #memedose #unusualmeme,2797.jpg,0,0,1
#鼠鼠我鸭#大家拿到毕业证的帮我做道题好吗,2798.jpg,1,0,1
文心一言，任重道远山东泰山#文心一言#,2799.jpg,0,0,0
笑果上海、深圳都停了。其他喜剧社也取消演出了。估值40亿的笑果，笑不起来了，喜剧变悲剧。。。中国脱口秀表演，就剩下司马南一个人了！他长期开麦表演《柳八爷之歌》：挖呀挖，挖出柳八爷自肥了好几家好幽默哦！好好笑哦！太有才了哦！笑果被罚1300多万，而把拜登比作黄继光的司马南，据说...全文,2800.jpg,0,0,0
HM长沙富兴时代店怎么还没关门大吉？？#HM#,2801.jpg,1,0,1
#YunOS##锤子手机#锤子手机终于要用阿里YunOS了罗永浩微博已确认@罗永浩@锤子科技@阿里云@YunOS  ,2802.jpg,0,0,0
"For Free Home EvaluationGo to httpsvegascapital.comevaluationFor more information, contact us today!7025305844httpsvegascapital.com#lasvegasrealestate #house #lasvegasrealtor #lasvegas #realestate #lasvegashomes #realtor #vegas #justsold #lasvegaslife #summerlin",2803.jpg,0,0,0
限时代问有文心一言内测码，可代问，请评论留言，小编在线代问，限时一小时，速速啦#文心一言#,2804.jpg,0,0,0
Sb司机滴滴平台对XingSao扰的判定及惩罚力度真让人无语。在向乘客说出你在哪个夜总会足浴店上班坦白回答咱走捷径这种暗示的话语，平台在听完录音后也否定构成XingSao扰，难道真的要直白的问多少钱过夜？在我多次申诉后平台也只是意思一下的让司机少接单且列入多观察名单，难道真要出意外了才来惩...全文,2805.jpg,1,0,1
"She's accused us of tweeting more than them  and then has gone one a multiple tweet rant. As for the multiple burner accounts, well, we all know AH stans have admitted to having multiple accounts. All dedicated to stanning  AH. #Hypocrite #lol  #AHStansAreUnhinged",2806.jpg,1,0,1
" And your science education that somehow makes you think you understand physics and climate science better than the experts at the AAAS, the AIP, the APS, NASA, the NAS, and every other national science academy in the world is what, exactly?#DunningKruger",2807.jpg,1,1,1
#人工智能#我用文心一言画了一只虾，一匹马和一朵花。您觉得怎么样？#文心一言#,2808.jpg,0,0,0
"Ahhhh, the  of a great advice sometimes",2809.jpg,1,1,1
当我向印象AI提出无理请求印象笔记#印象AI#ChatGPT#文心一言##印象笔记##人工智能#,2810.jpg,0,0,0
"#DailyPictureTheme A difficult one to interpret pictorially. But, I shall try!",2811.jpg,1,0,1
"The  is not lost on us that  “Green news” is promoting a policy that @pb4p have advocated for for years now but one which the @greenpartyie say doesn’t work and costs too much! As Alanis Morissette says “Isn’t it ironic, don’t ya think” httpseuronews.comgreen20230322richestcountryineuropemarksthirdyearoffreepublictransport",2812.jpg,1,0,1
今天中午宜吃点签签庆祝一下#吴签#,2813.jpg,1,0,1
Umm ,2814.jpg,0,1,1
男性什么时候能意识到男女的不平等那才是真正的男女平等！#男女平等实现了吗##男女平等#已经拉黑了，他不配做我的的好友,2815.jpg,0,0,0
.. finally time for a chilled  relaxing drink!  it is beautiful sunny day ! #offer,2816.jpg,0,0,0
Beyond The Horizon Irish Pink Floyd Tribute.#Saturday#AudiencefeedbackTook my son to see the Show last night.His first time ever seeing a live band.He loved it.Thanks.Sean DonnellyMonaghan 2023.httpsfacebook.comBeyondTheHorizonPage#Pinkfloydireland#IrishMusicCommunity,2817.jpg,0,0,0
 just jumped to death from @ShivAroor 's window ! #ShivAroor       pls,2818.jpg,0,1,1
我买了一个安卓的平板加支架？我买了一个只比键盘鼠标运行office软件快一点的“次世代革命性pc”？我买了一个无法运行pscad等真正电脑上能创造价值的软件，工作站是白送的？你作为一个英语老师你连crystal都不会拼，你跟我说尼玛工匠精神？满怀期待而来，败兴失望而归。自嗨的过头了，龙哥。#锤子手机# ,2819.jpg,1,1,1
转发关注，送出一台锤子T收藏机#宠爱加倍#转发微博并关注我，.日将通过@微博抽奖平台抽取一位大哥捡走锤子情怀机T不过滤过年在家没事把玩把玩，质感非常棒，非常喜欢的一款机器，锤友别错过，祝你好运#罗永浩##锤子手机##锤子t#深圳O抽奖详情 ,2820.jpg,0,0,0
#鼠鼠我鸭#一波未平一波又起？这次想个什么名字？说是豆角吗？江西某校牛逼。,2821.jpg,1,0,1
The GOP version of protecting children is the number one cause of death among children ,2822.jpg,1,1,1
He said he’s not worried about us  he got what he wanted   #NYR,2823.jpg,1,1,1
鼠鼠我鸭#鼠鼠我鸭#,2824.jpg,0,1,1
#鼠鼠我鸭#鸭脖明明就长这样,2825.jpg,1,1,1
Oh look! David Tennant is trending! I wonder why? ,2826.jpg,1,1,1
#坚果r##锤子手机#更新系统第二天，发现及吐槽、状态栏字体变大超级丑、音量键不能直接控制亮度了！、增加了单独控制闹钟音量的功能盼了好久的功能、主题色又没了！又没了！又要用蓝色！我要石竹粉啊！！、相册翻天覆地变化？还没适应，找照片非常吃力、拦截短信也在短信中显示了，显示但不提示，不用去手机管理里头找了、拨号页面多了常用联系人和最近联系人，对我没啥用，基本不打电话、新款大爆炸也安排上了，试了下炸录屏，会出来很多，省得截图了，炸声音还没用、字体变了，中英文符号看不太出差别了，有一点点怀念圆润的问号、天气预报功能多了但是丑了、手机管理外部有快捷功能了，不像以前就是八个栏，但是色彩缤纷的还是丑了目前就发现以上点，好评，中评，差评 ,2827.jpg,1,0,1
卷王竟是我自己,2828.jpg,1,0,1
#鼠鼠我鸭#鼠鼠我鸭,2829.jpg,0,1,1
INFO OP met #CHIQUITA at a cashier counted yesterday. They also pointed out her beauty#BABYMONSTER #@YGBABYMONSTER #DREAM,2830.jpg,0,0,0
yes this is a real review for 100 Grumpy Animals.  #memes,2831.jpg,1,1,1
2023年一季度GDP“全国卷”正式全部出炉！31个省市中江西和福建增幅最低！一季度深圳GDP增量居全国第一，名义增速10%，占了广东省增量的将近一半经济的强势复苏，在深圳集中体现了！#经济#,2832.jpg,0,0,0
中国IT大佬身价排行榜，马云排名第一，马化腾第二，李彦宏第三，刘强东第六、雷军第八、任正非第、周鸿t第。#创业##互联网##互联网新闻##罗永浩##互联网资讯##微商#,2833.jpg,0,0,0
分分钟聊死两次#文心一言#,2834.jpg,1,0,1
$PP on Pulsechain has strength Pumping irony all night long Banks take days off Crypto never sleeps#PP #PoorPleb $PP #memes #9inches  #pumping,2835.jpg,1,1,1
1.钱多多水培太好看噜#熊猫来了#，无滤镜。2.俺家的自留地，可以开始盘算带月荷锄归的生活。3.牛角比心萌萌哒。4.老金吃完牛肉卷把锡纸一团说这也可以当一个艺术品。他是懂讽刺的5.张牙舞抓模仿秀。,2836.jpg,0,0,0
#市监局再次确认高校饭菜异物是鸭脖#说难听点，大家并不意外真的吃到老鼠，而是怕某些单位睁眼说瞎话，无视大众合理的质疑，大家都不是外宾，有生活常识，且大部分人第一次见识到社会阴暗面，就是从上学时知道“原来糟糕的学校食堂是某个校领导亲戚承包的”开始，食堂也是校园里油水最多的地方之一，质疑当然更大。不同单位的食堂的质量也天差地别，像清华北大这种有国家补贴，每天变着花样做，天南地北的菜都能吃到，便宜好吃还卫生，还有一些高大上单位和企业的食堂，几块钱就能吃上三个菜甚至四个菜，等于变相的福利。相较而言，一些普通中学、大专、职校，包括私企、社会化运作的食堂，那真是一言难尽。#鼠鼠我鸭##微博新知博主# ,2837.jpg,0,1,1
试着搞一下的心态，果然“文心一言”还得再努力啊#文心一言##华为##iphone#PS话说iPhone和华为到底谁的散热好,2838.jpg,0,0,0
《的鸟巢》月最期待的两件事终于都来了。一是是今天的火箭和勇士，第二件就是锤子手机发布会。关于锤子科技发布会地点鸟巢。老罗年初在创客公园谈到为什么选择鸟巢开，是因为他觉得中国再找不出第二个能与发布的产品相匹配的场馆了。老罗还说产品发布以后，世人都觉得当初开在鸟巢都配不上这一次时代产品的诞生，没办法，还是改不了吹气球的毛病。在之前，老罗在自己拥有近w粉丝的微博上各种渲染，怼人，仍烟雾弹，因为“精日问题”上热搜，甚至在发布会前几天在锤子商城都上线了成人纸尿裤，来为作种种预热。各界潘看罂Ф源艘彩前贬不一，但老罗确实比每个人都清楚如果预期拉高了期待值，最后产品给不了接近预期或者与预期相当的答案，后果怎么样大家也应该都清楚。老罗这次是真的用了心，操作产品时紧张到满头大汗，从这一点我感觉到他心里是有多着急，多着急改变这个世界的某一版图。从现场以及网络的反应，这次的发布会毫无疑问是成功的。至于怎么去定义这个次时代旗舰，我们等着时间去检验。向老罗致敬，世界，需要这样的人才去进步。@罗永浩#锤子手机##罗永浩##锤子电脑##坚果r# ,2839.jpg,0,0,0
#鼠鼠我鸭#不知道这个新品种好不好养,2840.jpg,1,1,1
OneAI！还有人不知道吗！非常喜欢用的一个软件！人工智能中的佼佼者！不止能帮助你解决问题，还能陪你聊天、玩一些热门测试！非常好用！大家下载时一定要注意认准图标不要下载了盗版app！#ai##AI##人工智能##iPad##ios##文心一言#,2841.jpg,0,0,0
#鼠鼠我鸭#“真鸭脖”哈哈哈,2842.jpg,1,0,1
#南昌市监局已介入高校食堂老鼠事件#学校没啥错的确不是老鼠是新品种鸭嘴兽#鼠鼠我鸭#,2843.jpg,1,1,1
Mayflower 61306 B1 class loco passing thru Rowlands Castle en route to #Portsmouth at lunchtime today. #Steam #SteamTrain #Locomotive #Railways #Trains #Hampshire @SteamDreams,2844.jpg,0,0,0
We are sure Common man is going to benefit from this power tariff hike for the 3 time in last 12 monthsWE REQUEST @CMOMaharashtra  @PMOIndia TO KINDLY HIKE FARE BY ATLEAST 1000% SO WE CAN SELL OUR HOME  PAY BILLS. PLEASE HIKE DON'T DISAPPOINT US ,2845.jpg,1,0,1
#新闻爆料##贫富差距#普遍来说，富人越来越富，穷人越来越穷，至少在美国是这样。在2015年，1%的富人家庭的平均收入是底层99%的穷人家庭的26.3倍。而且，从2013年以来，这种差距已经扩大。与此同时，EPI2017年的一项研究显示，从1965年到2016年，CEO的薪酬已从普通员工的20倍左右增至271倍。【有...全文,2846.jpg,0,0,0
I forgot how much fun it is to inlay the 50 stars in the stars and stripes pen. #ChurchOfWood,2847.jpg,1,0,1
I’m betting he is.   #atheist,2848.jpg,0,0,1
NEW   SONG   KLYDIX  Festa OUT NOW!      YOUTUBE   httpsyoutu.be3TxBudq2wC4     SOUNDCLOUD  httpssoundcloud.comklydixfesta#progressivehouse #elecrohouse #elecronic #edm #house #klydix,2849.jpg,0,0,0
逛了一天街疫情后第一次堂食呀还买了好看的衣服#hm#逛街真开心,2850.jpg,0,0,0
#成都#成都市政府秘书问领导“领导，投吗？”领导怒道“投个锤子！”#锤子手机#遂成！萌货机器人#萌货机器人#恭祝锤子科技#罗永浩亿元融资#更上一层楼拥抱北京,2851.jpg,1,0,1
静等锤子。#锤子手机#,2852.jpg,0,0,0
#百度#发打假声明目前#文心一言#无官方App，已对苹果公司及相关开发者团队发起诉讼“百度AI”微信公众号发布声明称目前文心一言没有任何官方App，在公司官宣前，凡是在Appstore和各种应用商店看到的“文心一言”App都是假的，凡是声称有“文心一言源代码”的都是骗子。公司已向北京市海淀区人民法院对苹果公司及相关开发者团队发起诉讼。 ,2853.jpg,0,0,0
#吴签签表情包##吴签##我的很大你忍一下#只能牺牲一下自己的手了毕竟那么小德州,2854.jpg,1,1,1
"It's about time! The world's most advanced language model, ChatGPT, developed by OpenAI, is finally getting paid. Because obviously, an AI trained to communicate and answer questions has been yearning for a paycheck   #ChatGPT #openai",2855.jpg,1,0,1
"“I personally pushed for the mass defunding of police and now I feel BETRAYED that there are no more police in San Francisco!”Oh geee, who could have seen that coming? I swear #Californians are some of the most “special” people in the world.#California#SanFrancisco",2856.jpg,1,1,1
第一题算不对，第二题会自己改题，也不知道是傻还是聪明。#文心一言#名字挺好听，光名字好听。,2857.jpg,1,0,1
#锤子科技##锤子手机#最近锤子科技创始人罗永浩又悄悄的回到了公众视野中，自从去年锤子公司出现不利消息之后，原本格外活跃的罗永浩也渐渐的低调了下来。然而近日罗永浩仿佛已经度过了难关，不仅仅再次对外放言收购苹果只是时间问题之外，还对外表示锤子公司后续还会继续发布新手机，一时之间令不少锤粉们都认为，锤子公司还是有机会的。不过也有一小部分人持有另外的观点，就他们认为，罗永浩此举只是为了给锤粉们打气的，因为目前锤子公司虽然处境不佳，但锤子公司仍然有部分手机在对外销售，如果一旦锤子公司真给人感觉已经不行了，那么这些还未售完的手机，也就真的成为了一个问题，例如之前的国产手机品牌金立就是如此，图中这款金立M就是金立公司还未售空的产品。年的月份，金立公司发布了这款旗舰机型金立M，作为当时金立公司的主打产品，金立公司不留余力的在推广着它，不仅仅签下了薛之谦作为其代言人，后续的一场年底发布会上，又将这款手机拿出来宣传了一下，可谓是被金立寄予了厚望，并且也因为这个原因，金立公司很早就开始大批量的生产这款手机了。不过虽然这款手机说是旗舰，但它的部分配置其实并不出彩，作为一款定价元的机型，它搭载的只是联发科P的处理器，尽管其标配了GBGB组合配置，电池容量为mAh，但其后置双摄也才只是万万，虽然这样的手机在当时依靠线下推广也能卖的出去，但尴尬的是，年年底金立公司就出现了问题，直至年正式破产。近日更是有人看到金立公司的专利已经在对外拍卖了，曾经的国产大厂如今已经完全走到了末路，至于这款库存较多的金立M，则成为了一个没有靠山的杂牌机，目前尽管其市场价格已经是被调控到了元左右，但它的吸引力仍然是零，比较其品牌已经宣告破产，即使其价格再降低一些，它也依然难以脱离无人问津的局面。不过相信锤子公司肯定没有这么惨，如果罗永浩真的抓住了机会，其还是有东山再起可能性的。北京东一时区 ,2858.jpg,0,0,0
#鼠鼠我鸭#鸭脖就不可以长鼠毛了吗，鸭脖就不能长啮齿类动物的大板牙了吗，你们的良心见识不要太狭隘了，这是更适合中国宝宝的鸭脖呕我编不下了，以后吃鸭脖都会联想到这张图，有阴影了,2859.jpg,1,1,1
"Arrest #ManishKashyap, he is behind it. ",2860.jpg,1,0,1
锤子新机曝光？！@极客村长在微博上曝光了锤子手机的信息，全面屏设计，前后双玻璃机身，双摄像头，指纹解锁在logo上，正面实体按键取消，但是会在机身左侧增加一枚圆形返回按键。有没有期待呢#锤子手机#,2861.jpg,0,0,0
"In #SwordoftheSea, our new adventure game, surf through sinking tombs, mysterious shipwrecks, and petrified battlefields.What sort of massive leviathans will stand in your way?#PS5 #Steam #IndieGameDev",2862.jpg,0,0,0
Been awhile since I had a blowout. I think this is bigger news than Trump. #TrumpArraignment #TrumpArrest #joking  #hair #blowout,2863.jpg,1,0,1
#吴签#的那个啥照片有,2864.jpg,0,1,1
比先前有所进步啊。起码知道有这两个菜了#文心一言##百度#ChatGPT,2865.jpg,0,0,0
完蛋了#文心一言#,2866.jpg,1,0,1
"Dangling all night,  . #SaturdayMood get drunk and celebrate the people that went to war for you.. not the army but the people that had it in'em but didn't join the army  .. #Saturday night live,",2867.jpg,0,0,0
坚果R撞脸努比亚Z，坚果TNT电脑被指没市场，“情怀”老罗这次成败几何？月日，老罗口中那个“能让人尿裤子”、“比iOS和安卓都好%”的坚果R和坚果TNT电脑正式发布了。在北京雨夜老罗究竟推出了一款怎样的产品以及又说了些什么呢？就让我们看看发布会的全程回顾吧。#罗永浩##坚果r##坚果TNT##手机##新零售##重构零售##锤子手机#   ,2868.jpg,1,0,1
@锤子科技锤子的系统是不是跟@阿里巴巴系的软件有仇，打开天猫淘宝直接卡黑屏，能打开也要半分钟缓冲，支付宝用着用着就卡在那了，uc浏览器也是半天打不开，微博发个博也是直接给你卡到跳回首页，但使用其他别的公司app一点问题都没有，你说奇不奇怪？只有我一个人遇到这种问题？我用的是t#锤子手机# ,2869.jpg,1,1,1
#鼠鼠我鸭#古有指鹿为马，今有指鼠为鸭。他们都光明的前程。,2870.jpg,1,1,1
Bell saving me money. “Keeping the bill as low as possible” $260 a month . @Bell ,2871.jpg,1,0,1
Spotted in our gym    postscript  surely there exists the technology to power a treadmill with the human energy expended whilst running on said treadmill??!,2872.jpg,1,1,1
#鼠鼠我鸭#硕鼠硕鼠，无食我鸭。,2873.jpg,1,1,1
#淘宝直播双#，罗永浩们打不过#李佳琦#淘宝需要罗永浩，但对#罗永浩#的需要又不是对薇娅的需要。更大程度上，淘宝希望罗永浩和其他几个头部主播的集体加成，能够在大促期间替代薇娅。而在关键时刻过去之后，又不会像薇娅一样对平台形成威胁。因此，和众多来自站外的头部主播的阶段性合作，才恰恰是淘宝直播应该走的道路。 ,2874.jpg,0,0,0
#腐败#,2875.jpg,0,0,0
虽然我也不喜欢zs，但这真特么打脸，真特么双标#吴签#蓝v说话可以这么为所欲为的吗,2876.jpg,0,0,0
卫生巾有纯甄棉啦！哦，不对，是甄纯棉。是不是也是#新疆棉#呢？期待#谷爱凌新朋友淘淘氧棉#不一样的体验,2877.jpg,1,0,1
为什么大家这次齐声声讨#笑果#？因为我们不想让他们毁了这个词，那是我们最可爱的人！没有退路可言！,2878.jpg,0,0,0
If a few more racist comics could just confirm how great Brexit is gonna be I'm sure that's all the reassurance we need. Jim Davidson  Bobby Davro,2879.jpg,1,1,1
虽然这个学校食堂以前有老鼠，可那都是年的事情了，涉事学校曾因老鼠事件被联合执法，应该已经改过来了，老鼠肯定不会再有了，这真的只是一个鸭脖，不信你在仔细看看，看多了就是鸭脖了这个是一个新品种的鸭子，叫鼠鼠我鸭#鼠鼠我鸭##涉事学校曾因老鼠事件被联合执法#,2880.jpg,1,1,1
#鼠鼠我鸭#以前我属鼠，现在我属鸭,2881.jpg,1,1,1
距离上一部锤子科技的新机发布已经过去了一年多，这段时间锤子科技和老罗的新闻时有曝出，但旗下手机新品的消息却像断了线的风筝般，杳无音讯，但近日网上却突然曝出了坚果手机新品的发布会海报和相关信息，给了网友们一个大大的惊喜。综合爆料来看，锤子科技将在月日于北京工业大学体育馆发,2882.jpg,0,0,0
It’s not over until you win. Hustle. Always.Via Instagram @ housepoff#house #villa #mansion #motivational,2883.jpg,0,0,0
Anyone who knows me would tell you that I am a perfect example of physical health so it makes great sense that I am teaching PE today!  #gavin37pride,2884.jpg,0,1,1
dreammusic#dreamfanart #dreamwastaken #dream,2885.jpg,0,0,0
"Presenting you our first Xtream Summer Offer. Now you can enjoy everything at a faster speed with FREE INSTALLATION. Get 20Mbps now for unlimited uploads, downloads, and socializing on the go.  Terms and Conditions?applied. #Summer #offer #xtream #discount #sales #midsummer",2886.jpg,0,0,0
你妈#吴签#，恶心死我了。。,2887.jpg,0,0,0
#鼠鼠我鸭#到底是鸭脖子还是老鼠头？希望@江西发布督察，别把公信力就这么一步步缺失抚州金溪县,2888.jpg,1,1,1
"Since the map behind him, never materialized on the battlefield, Debretsion never got his award. Perhaps, sacrificing and effecting millions of lives finally triggered remorse from his bruised ego and conscious. Meanwhile, the other award recipients got a map of Ethiopia. ",2889.jpg,1,1,1
#坚果Pro#是全玻璃面板时代的双材质惊艳碰撞，我也和坚果Pro百万里程碑纪念视频里的@吴德周老师也来了次“惊艳”碰撞，都万了，吴老师可以咧嘴大笑了，哈哈哈。祝继续大卖，也相信一定会大卖。@锤子科技@坚果手机@罗永浩@苗颖@朱萧木@Alex老乔@zouwei#罗永浩#,2890.jpg,0,0,0
"Rs 1,999 55% off on TIMEX Analog Green Dial Women's WatchDeal affiliate httpsamzn.to3IMc5oN#deal #sale #discourn #offer #analogwatch #analogdialwatch #timex #maxima #wristwatch #womenswatch #wearables #fashion #party #partywear #womenswear",2891.jpg,0,0,0
#鼠鼠我鸭#新十二生肖谁能背一下附以鸭子为对象创作的表情包,2892.jpg,1,1,1
十倍大铁比赛穿什么鞋？RobertKaras的答案是鞋头开口的NikeAlphafly。DecaUltraTriatlon，共游泳38公里骑自行车1800公里跑步422公里。以上项目都是连续完成，不是分十天每天一个大铁。自行安排休息。跑步装备#耐克##铁人三项#,2893.jpg,0,0,0
这是谢丽尔桑德伯格专门为职场女权所写《向前一步》我推荐所有女性去看！作为在男权社会具有女性本能的女性，她是如何在男权窠臼中发现破局的关键。男权民间在一代又一代极权皇帝剥削下鬼打墙。但，谢丽尔这样的女性却在轮回中复盘经验，发现破局点。允诺平等并不等于真正的平等她直接看破了,2894.jpg,0,0,0
#文心一言#鱼香肉丝，醋溜白菜，韭菜炒鸡蛋，红烧肉，大盘鸡，可乐鸡翅文心一格AI绘画，正确姿势菜名xxxx,2895.jpg,0,1,1
"Top 2 Bollywood Grossers post pandemic belongs to this Man1st came #TheKashmirFiles , now #Pathaan Real Megastar of Bollywood  #PrakashBelawadi Just ",2896.jpg,1,1,1
粗去玩三亚第一次去三亚，除了好太阳好蓝天好沙滩好泳池，感受最深的就是好惬意。单纯躺在太阳下也能晒出好心情atlamticbeachhavaianasxmastermindDIESELHM#粗粗和渣渣##DownOnMe#粗粗和渣渣#粗去玩##DIESEL##havaianas##hm##mastermind##EDITION#...全文,2897.jpg,0,0,0
#鼠鼠我鸭#我的小鸭子,2898.jpg,0,0,1
我是卷王草,2899.jpg,1,0,1
"Here is Tweedy the Clown, with his specially trained iron, Keith, who does amazing tricks..@DailyPicTheme2  @TweedyClown",2900.jpg,1,1,1
MindBridge朴信惠穿着的MINDBRIDGE海报款西装外套，立体的剪裁，合理的线条构造出都市职场女性干练的形象，而粉色又为整个着装增添了一丝女人味，袖口出的印花细节无疑是一大亮点，搭配牛仔喇叭裤，简约摩登又兼具时髦复古元素,2901.jpg,0,0,0
分享图片#锤子手机#听说锤子和加菲猫更配哦@罗永浩,2902.jpg,0,0,0
百度#文心一言#应该叫#扪心自问#更合适。,2903.jpg,1,0,1
"I thought I was an expert on the DunningKruger effect, but it turns out I was just suffering from the DunningKruger effect about the DunningKruger effect. Mind blown.  #selfawareness #knowledge",2904.jpg,1,0,1
月日见，罗永浩回归，与苹果撞期。“IAMBACK”自从罗永浩直播带货后，锤子手机发布会暂时少了老罗的身影，正当大家还在期待什么时候能再次看到了老罗主持的发布会时，有网友在现代之窗商业广场发现了罗永浩的巨幅广告。并且这位网友还@了罗永浩求证，罗永浩也是给予了肯定的答复“是真的！”但让人注意的是罗永浩此次发布会时间与iPhone发布日期为同一天，这背后是不是有另一层含义？暂时我们无从得知，但据老罗上次发布见过ProS已经过去了两年，这场“旧货”发布会还是值得我们期待！#罗永浩##锤子手机# ,2905.jpg,0,0,0
#锤子手机#罗友设计的锤子T,2906.jpg,0,0,0
 = #Poland asks #Germany to send more tanks. httpsapnews.comarticlerussiaukrainepolandgermanybusiness661511122fce6c283bb5742a43922c4c,2907.jpg,1,0,1
OMG Phil.  Just LOOK at how many teens are getting their nicotine vapes online!!!  It's horrific0.2% of US high school kids.  That's like checking math MORE THAN ONE KID!!!,2908.jpg,1,1,1
Hard times ahead. ,2909.jpg,0,0,1
但是这个东西怎么看怎么像是一个老鼠的头，而且这是一碗猪脚饭，猪脚饭里面怎么能出现鸭脖子呢？#鼠鼠我鸭#,2910.jpg,0,0,0
#鼠鼠我呀已被申请商标#近日，江西南昌一高校饭菜中吃出疑似“老鼠头”引发关注。目前，当地市监局和当事人都确认饭菜中的“异物”为鸭脖。网友调侃，这是“鼠鼠我鸭”。公开信息显示，“鼠鼠我鸭”源于“鼠鼠我呀”，后者常被一些网友用于自嘲。#鼠鼠我鸭#企查查APP显示，“鼠鼠我呀”已被申请注册多个商标，国际分类涉及啤酒饮料、服装鞋帽等，目前商标状态均为注册申请中。 ,2911.jpg,0,0,0
#年终奖#先别花，最近我们在憋一个#重大新闻##驱动国际戏剧邀请展##重大发表#,2912.jpg,0,0,0
#鼠鼠我鸭#带毛畸形鸭脖根本不是正常食物！！校方现在就是在转移视线混淆视听，就算查出来是鸭脖又怎么样？这个食堂的卫生问题依旧是不合格的！！！！就算它是鸭脖，就连用餐的学生都看不出来是鸭脖，可想而知，这“鸭脖”形状有多畸形。还有，这种毛都不拔的鸭脖就是安全食品吗？很明显，不是！但是校方却没有针对这点对于学生道歉赔偿，而是一味的把自己摘出来撇清关系，还昧着良心说这是正常食物。大家不要被带跑偏了，带毛的畸形鸭脖根本不是正常食物！！！和老鼠头没有区别！！！没有哪家店连毛都不拔就把鸭脖买给顾客，谁敢买，谁敢吃？图三才是正常鸭脖的样子，那才是正常安全的食物最后两张图是我找的老鼠美食拔毛处理过的大家可以和这个食堂里的“鸭脖”对比一下，自行体会。 ,2913.jpg,0,1,1
#回顾2017##重大新闻#【2017年中文网重大新闻回顾】终于，迎来了2017年的除夕。今年，朝日新闻中文网向大家传达了有关日本和世界的社会、政治、经济等领域发生的各类新闻。从中选出读者反响热烈的重大新闻，一起回顾这1年......全文见网页链接,2914.jpg,0,0,0
#罗永浩##太原老葛#老罗g黄金直播价元，太原老葛g黄金直播价元，各位看官自行甄别。,2915.jpg,0,0,0
I love this one <3Little sketch of Dream and my oc again! i'm working on something other than oc don't worry! #dream #dreamfanart #dreamsmp #dsmp #dsmpfanart #oc #originalcharacter #myoc #ocart,2916.jpg,0,0,0
How it started vs. how it's going.#indiedev #indiegamedev #gamedev #steam #pc #game #gaming #indiegames #conceptart #unrealengine #gamingcommunity,2917.jpg,0,0,0
解决我每天吃什么困惑的小东西出现可以起英文名改论文写工作报告还可以在网上探险发文字疯佳人们谁懂啊#ai##AI##人工智能##iPad##iOS##文心一言#,2918.jpg,0,0,0
#鼠鼠我鸭#杰瑞坏了，我成替身了！,2919.jpg,1,0,1
“I love . It’s like punching people in the face but with words.”#PrideMonth #ManchesterUnited #FACup #lebanon #SpiderManAcrossTheSpiderVerse #samsung #s21ultra #photooftheday #Moonlight #goodnight,2920.jpg,0,0,1
"The Singita Lebombo Lodge in Mpumalanga, South Africa by @cecileandboyds Photo by @alexpreviewGet Inspired, visit httpmyhouseidea.com#myhouseidea #interiordesign #interior #interiors #house #home #design #architecture #decor #homedecor #casa #archdaily #beautifuldestinatio",2921.jpg,0,0,0
看完了老罗退网前的最后一篇采访，有几点印象深刻括号里是个人感受.老罗是一个重度社恐，非常讨厌名声和面对公众。如果不用公众表达还能维持公司运转，他愿意少活五年。一方面很意外老罗居然是社恐，另一方面又很理解他说的“为了公司运转而抛头露面”的那种无奈。让我想起了窦文涛也曾经说过，他除了录节目，平时在社交场合都恨不得躲起来，特别害怕聚会场合，与他屏幕上的侃侃而谈完全是两个人。突然就觉得，很多人在社会上生存，都有取舍，都有平衡，都有不为人知的内心战争.岁的罗永浩在退休和再创业之间纠结了很久。最后被妻子的一句话点醒“你再创业的话，不知道有多大概率会后悔但现在退休的话，你后悔的概率一定是百分之百。”一个内心有火苗的理想主义者，是不可能退休的，这辈子都不可能退休了。对他们来说，虚度时光比创业失败更加让人无法忍受.老罗再次创业有很强烈的紧迫感，他想赶在下一个自己想做的产品被其他人做出来前，先人一步。相比于第一次创业对风口、大环境的嗤之以鼻，这一次他有了更强的危机感。我感觉这种危机感可能和他的年龄与最后一次创业的原因有关。有种最后一次了，不成功就要带着这个遗憾躺进坟墓的不甘。一个理想主义者的理想幻灭。.没有资源的创业团队，大概率会被巨头抄袭、挖人、垄断特定资源等各种手段碾压死。产品经理型创业者很多不信风口和机遇，盲目相信自己产品大过天，但是商业世界的规律却不是这样运转的。想认真做点好产品在当下的市场环境，可真艰难。但即使看到了某种结局还要开始的人，有一种英雄主义的悲壮感.锤子科技没有早点倒闭成了老罗很后悔的一件事情，他反思是自己作为企业家的ego太大了，有太多面子和不甘心的因素作祟。创业遇到问题却该断不断的时候，有时候真的只是为了争一口气而忽视了客观现实，说到底还是创始人ego太大.新东方那些多岁少年得志的人出去创业，多半不太成功。因为他们找了一帮小弟一起创业，自己是公司的天花板。创业应该找跟自己一样强，甚至比自己更强的人一起共事。深有同感，一个人拖着一条大船前进，没有几个人各自拖着几条小船跑得快。创始人如果是公司的天花板，创始人也就是公司的地板砖。.罗永浩希望人类永生，可以掌握生老病死的原因是，希望让那些美好、善良的人，少一点失望。看到了一个人内核的柔软。最坚硬的外表之下，藏着一颗柔软的。祝福老罗最后一次创业，能够在自己的世界里大获成功！#罗永浩# ,2922.jpg,0,0,0
#鼠鼠我鸭#这么可爱的词条从今天开始成为我儿子代名词,2923.jpg,0,0,0
There are times when  leads to the realisation of a fundamental truth.,2924.jpg,1,1,1
#小碗细面##吴签#笑死我了南阳,2925.jpg,1,1,1
Awesome lineup of club events and DJs in June at VOLKS NIGHTCLUB.@DJNickHook @POoK @Mizarumusicuk @DaveTheDrummer @DJNinaCarina @brunonumerouno @RAYKEITH1 @TechnoirClub @SIZEBrighton#House #Techno #DrumandBass #Jungle #TechHouse #Ska #Reggae,2926.jpg,0,0,0
People Should Seriously Stop Expecting Normal From Me.httpsmiahcombat.comcollectionbooks?twclid=2ucn60ap2x1cq3cewc93fo7a6,2927.jpg,1,1,1
"#GIVEAWAY  $5 STEAM WALLET GIFT CARDHow to enterFollow @SteamGamesPC, @FreePCG  @PCGDealsRetweetLikeWinner will be announced June 4thDM me to sponsor a giveaway like this#SteamWallet #GiftCard #SteamGiftCard #Steam #SteamKey #SteamGame #SteamMoney",2928.jpg,0,0,0
穷不三代，富不过三代从来都不是安慰剂。本意是穷人三代后无娶妻生子的能力绝户了。富人由于妻妾成群子嗣众多，三代后分配太多就不能都那么富了。#茶##贫富差距#沈阳,2929.jpg,0,0,0
【为啥？海曙这场新闻发布会广受关注】#发现海曙##重大新闻#9月2日，由中国工程院院士领衔浙江大学院士团队的宁波市智能制造技术研究院牵头，在海曙区发布了N全球智能制造头部企业“领头雁计划”，人民日报客户端、经济日报新闻客户端、央广网、中国网、浙江新闻客户端、浙江之声、甬派客户端...全文,2930.jpg,0,0,0
#鼠鼠我鸭#以下那个是鸭脖？#市监局回应反复对比确认是鸭脖#,2931.jpg,0,1,1
#鼠鼠我鸭#震惊！江西某高校发现新物种！身行像鸭，头却像老鼠。此新闻一出，引发网友们激烈讨论，甚至有人给此物种取名“鼠鼠我鸭”,2932.jpg,1,1,1
#鼠鼠我鸭#哈哈哈哈哈啊哈,2933.jpg,0,0,0
#文心一言#感觉进步很大,2934.jpg,0,0,0
"Serendipitous #discoveriesare always made bypeople in a particular frame of mind,people who are focused and alert because they’re searching for something.They just happen to find something else.@stevenstrogatz , Sync.#Awakening  #Seeker #Life #Truth #Science",2935.jpg,0,1,1
"The #US added 339,000 #jobs in May versus an estimated 195,000",2936.jpg,0,0,0
"90  Lars, playing it safe.#comedyviking #cartoon #webcomic #art #illustration #vikings #norse #drawing #puns  #chasm",2937.jpg,0,1,1
httpsstock.adobe.comstockphotoid580316727#royaltyfree #illustration #comic #health #care #doctor  #doctor #diagnosis #hypothesize #luck #uncertainty #patient #visit #metaphor #humor #cartoon #handmad #draw #pencil#agencies #microstock,2938.jpg,0,1,1
Maybe now someone in the Federal Govt and MSM will start paying attention to them.  ,2939.jpg,1,1,1
王子涛我不是来破坏你们的，我是来加入你们的#文心一言#,2940.jpg,1,0,1
"Says the person who believes in demonic possession, that DNA is a code written by a supernatural source, and claimed that the Creator of the universe audible has spoken to her.",2941.jpg,1,1,1
It's not numerology it's numerics. This is a fulfillment of prophecy. The Rapture is now imminent. ,2942.jpg,1,1,1
妥妥的就是鼠头，我养了只花枝鼠他们，视频里面很明显能看到下面两颗长门牙，下面门牙是可以张开的这也是看起来分开的原因，而且还断了一颗，上面的门牙就不能分开所以看起来就是挨在一起的，而且这么久了怎么鉴定的都没公布资料，肯定就是鼠头了#鼠鼠我鸭#,2943.jpg,0,0,0
#吴签##都美竹#不站谁的边，发表一下疑问，不省人事怎么还会记得这么多，而且只睡过一次,2944.jpg,1,1,1
绝了#吴签#,2945.jpg,0,0,0
 Update 052829#CHIQUITA Instagram Post “ A little trip to  ”#BABYMONSTER # @YGBABYMONSTER #DREAM,2946.jpg,0,0,0
"The #OmicronEffect on the number of reported infection worldwide may still be subtle, but by now you should be able to see it.",2947.jpg,1,0,1
dddd#吴签#,2948.jpg,0,1,1
@CardPurchaser how silly is it that Andre the Giant didn’t meet minimum size requirements? ,2949.jpg,1,0,1
啮齿类动物专家若图片没被动过手脚，是鼠头#动物专家回应高校食堂吃出“老鼠头”##校方回应食堂饭菜中吃出老鼠头##市监局回应反复对比确认是鸭脖##鼠鼠我鸭#  @微博管理员@来去之间官媒上游新闻的作品，一会儿审核失败，一会儿删视频，你们咋这么牛逼呢！？,2950.jpg,1,1,1
" thy name is Indian #Democracy !!As now in our democracy, which is supposed to be the rule of the people,The people raising a voice against the autocratic Judicial overreach of #MiLords is undemocratic !!",2951.jpg,1,0,1
#鼠鼠我鸭#猫和老鼠老早就记录过,2952.jpg,0,1,1
#涉事学校曾因老鼠事件被联合执法##鼠鼠我鸭#众所周知，老鼠和鸭子是近亲,2953.jpg,1,1,1
记者调查#涉事学校曾因老鼠事件被联合执法##市监局再次确认高校饭菜异物是鸭脖##鼠鼠我鸭##鸭脖#记者查询资料发现，这已经不是江西工业职业技术学院第一次出现“老鼠事件”，早在年，南昌市场监督管理局就曝光过一次此类事件。央广网详情鸭脖还是老鼠头？记者调查，涉事学校曾因“老鼠事件”被联合执法,2954.jpg,0,0,0
WHOA GUYS LIKE WORKING ON MY NEW VIDEO GUYS. ITS GONNA BE A BANGER GUYS! LIKE HERE'S A POGGERS HINT GUYS OMG HE CAME TO MY HOUSE   GONE WRONG  #skeleton #3amchallengesarecringe #cringe #YouTube,2955.jpg,1,1,1
#USA #Brazil #Europe facing severe consequences of #GuruChandaal due to #Jupiter #Rahu conjunction. Look what happened,2956.jpg,1,0,1
"#jobopportunity #hiring #jobs #makemoney #makemoneyonlineGet ready for a quick and easy way to earn cash! No need to keep counting down the days until payday, just watch the Private video first and start chatting for cash today! Watch Here  httpMiles.clickera.comchatjob",2957.jpg,0,0,0
Let yourself be seduced  VIP Available #vip #seductive #saturday #night #drinks #bottleservice #red #intense #girls #poncepr #paseoatocha #nightclubMixing live @djunitoficial,2958.jpg,0,0,0
"Oh wow, our WXBrilliant trade signals just crushed the commodity market like a soda can. Giving us a perfect 77 score on XAUUSD, or as we like to call it, 'XGoldRush'. Must be that meteorological magic at work again @WXBNFT  #winning #meteorologytradingpros",2959.jpg,1,0,1
Dhoni giving a slam to Jadeja following their recent rift #IPL2023Finals,2960.jpg,0,0,1
#经济##企业#一个是大陆媒体一个是香港媒体国企优越性一览无余,2961.jpg,1,0,1
#鼠鼠我鸭#最可怕的是，现在某些高校可以完全凌驾在执法之上，甚至玩了一出指“鼠”为“鸭”。好不容易重新建立起的公信力，不要被这种扯淡的事情消磨掉好么。,2962.jpg,0,1,1
"Drinking is not a harmless, riskfree alternative. My advice to anyone considering taking up the habit is be very careful, because you may have a lot of trouble stopping. We are seeing the rise of a new generation of caffeine users nationwide. #drinking #coffee ",2963.jpg,1,1,1
Sarcasm is the last refuge of the intelligent man.  Oscar Wilde#law#legal#lawyer#socialjusticeisthebestmedicineisthelanguageoftheintelligentisawayoflifeisthebestformofrebellionisthenewblackistheonlywaytocope,2964.jpg,1,1,1
总结一下试用文心一言的感受，很明显在内测进行了一段时间后，大量中文数据投喂下模型已经在中英文不同语境下出现了认知偏差，用人来比喻精神分裂了#文心一言#,2965.jpg,1,0,1
The “Canada” is obnoxiously bigAre we sure we used the smallest possible Font Size? #GoodLordTheseArePathetic,2966.jpg,1,0,1
哈哈哈哈哈哈哈哈哈哈我大笑@草埋mai所以毒唯和已脱粉的才是知情人呀这反讽得可以,2967.jpg,1,0,1
"According to a @WSJ article, people are supposedly getting fed up with all of their subscriptions. But I’m not completely sure if that’s true because when I tried to read the article, it required a WSJ subscription!!! You can’t make this up! Lol ",2968.jpg,1,0,1
#鼠鼠我鸭#周黑鸭！你小子骗我们那么多年，给我们吃假鸭脖是吧命你马上换真鸭脖上来，不然举办你,2969.jpg,1,1,1
科普一个健康小知识不要用#牙签#剔牙，原因你懂得#吴签#澳大利亚珀斯,2970.jpg,1,0,1
What a cute little...snack.#grizzledvet #cartoon #puns #wordplay  #satire #parody #funny #meme #lol #veterinarian #pets #dog #cute #bear #animals #grizzlybear,2971.jpg,1,1,1
How’s your morning going? #betrayedbycoffee #spillprooflids#notstillchill,2972.jpg,0,1,1
#文心一言##人工智能#本科生看不懂，来个研究生解释一下,2973.jpg,0,0,1
Haoki今天排了30米长的队上厕所图中只是一段这里的女厕所从来不用排队女主义者喜欢说男女卫生间马桶数量一样，没有考虑到男女生理差异，导致女卫生间总排队，是性别歧视。但是如果给女卫生间多安点呢，又会有女说这也是性别歧视。结果，在这么没有女权的地方，这个问题反过来了，很戏剧！,2974.jpg,1,0,1
文心一言怕不是个小傻子吧，简单的million分不清，啥时候再追上ChatGPT#百度文心一言##文心一言#,2975.jpg,0,0,0
#鼠鼠我鸭#大家好我是鸭脖,2976.jpg,1,0,1
看到这个，我不由自主的想起了#吴签#长沙金茂览秀城,2977.jpg,1,0,1
Clicked  photo of moon with my vivo V25 pro and i found astronout standing on the moon Far better than S23 ultra ,2978.jpg,1,0,1
"Well, who’da guessed that Alvin Bragg is currently the target of Naysayers’ ire?  Now he’s a “coward,” too. Every minor setback is the end of the world to these folks, or proof that fill in the name is corrupt, or that they’re “afraid,” or “now it will never happen!”",2979.jpg,1,1,1
My new house  One billion #house #viral #tiktok #subscribe #fyp #new #newhome,2980.jpg,0,0,0
灰兔子啊灰兔子，你要不把小兔子娶回家，刚才那行为可判三年有期徒刑！虽然你比吴签犯的事情小些，而且是初犯，但也属于不道德的行为。哪能三分钟的一见钟情就转化为行动呢？毕竟小兔子来咱家只是暂住一周而已。引以为戒，下不为例哈！#吴签#,2981.jpg,1,0,1
"一大早起来，一个关于#阿里巴巴的大瓜就准备好了。阿里对此的态度倒是很明确，绝不姑息养奸。其实，纵观全世界各国的大企业，中等企业乃至小企业，这样的事件也是屡发。于是就涉及到了一个女性职场地位的问题，她们是否被善待？是否遭受了侵犯？！光是立法,是远远不够的.",2982.jpg,0,0,0
【贵州松桃“7.8”山体滑坡目前尚有6人失联消防救援持续进行中】7月8日6时左右，贵州省铜仁市松桃县甘龙镇石板村发生大面积山体滑坡，当地共113户507人不同程度受灾，19户房屋被淹埋，60户房屋受损，造成7人失联，6人被困。7月8日当天，经过一天救援，成功转移安置283人，受困6人已全部得到救援安...全文,2983.jpg,0,0,0
4 COPIES of @7DaystoDie GIVEAWAY! STEAMLIKERETWEETFollow Me and httpsyoutube.com@gamertima28Tag some friends you want to play with!Will DRAW winner on 0602#Xbox #Steam #Giveaway #Competition #Contest #Game7 #PS5 #PlayStation #7DaysToDie,2984.jpg,0,0,0
#鼠鼠我鸭#年度网络新名词，“鼠鼠我鸭”。,2985.jpg,1,1,1
"Here is why Kinder Surprise chocolate eggs are banned in the US below. But at least, American kids may have fun with weapons!  I used to buy them for my nieces  nephews when they came to visit from the US, but they never crossed the border with them.",2986.jpg,1,1,1
为什么考研人数越来越多了？分析的头头是道。考研#考研史上报名人数最多##文心一言#,2987.jpg,0,0,0
这个人很暴躁、很神经病、很会哗众取宠是的，我也不喜欢这样的，但是他的人生信条是生命不息，折腾不止，所以往往人才级别的都会有把独特的双刃剑在创业的路上，敬佩他是一名真正的创业者，因为他在偿还个亿的过程中，从未迷失“自已的”初心、内心的那团火依然没有熄灭。#罗永浩#罗永浩#罗永浩直播带货##创业##创业者##雷军#长沙长沙IFS国金中心 ,2988.jpg,1,0,1
"Thought I'd visited every beach on the North Coast... then I found this place, Fingal Head in arty black and white#photography #blackandwhitephotography #travel  #nature #naturephotography #australia #fingalheads #nsw",2989.jpg,0,0,1
" How is it that kids no longer have to mask in schools, but when they take filed trips, this Civil Rights museum demands they mask ??? #ncpol",2990.jpg,1,0,1
Drop a  to cheer him up! ,2991.jpg,1,1,1
"Enjoy special offers across shopping, dining, and more using your Suryoday RuPay Debit Card! #debitcards #offer #discount #bankofsmiles #suryodaybank",2992.jpg,0,0,0
段永平#罗永浩#在手机行业不算神人，区别是他敢做近日紫辉创投郑刚声讨罗永浩一事引发热议。对此，雪球创始人方三文人称方丈重申十年前对罗永浩的看法老俞是个正常人，如果他成功了，是拜时代所赐老罗是个神人，如果他成功了，是因为他对时代的逆袭。而知名投资人、小霸王、步步高创始人段永平则表示年后看，方丈确实不如我了解手机行业吧？老罗在手机行业里绝对不是什么神人，他对这个行业的了解程度其实方丈差不太多。区别是，方丈没敢去做手机。那时候好多人都说要去做手机，包括方丈的前老板，甚至那些不管三七二十一都要上的人。   ,2993.jpg,0,0,0
不跟好学生比，偏要跟差生比？李彦宏李厂长这意思是，百度的#文心一言#是确认做废了？,2994.jpg,1,1,1
今日份面相芝士#罗永浩#交个朋友面相问题很多、山根横纹眉毛散二婚相、眉尾散不聚财、面大鼻小，其实赚不多少钱断他后期还会出问题，额头挺适合创业，其他五官搭配不好，守业很难面相好的地方、眼神，犀利藏神、脸大撑门面在别人心里有份量，存在感强、大卧蚕有观众缘 ,2995.jpg,0,0,0
#锤子手机#售后最后一弹，历时天时间手机再次收到体验了一下，减音键和升音键降低了一点高度后，下陷和功能是好了，但是独有的胶囊按键却出现了相同的下陷问题，靠近摄像头的手机边缘有两道刮痕很明显，应该是修手机时留下的痕迹，向客服反馈了这个问题建议我可以寄到北京再修一下，又一周？然后再送我两道刮痕，再赠送一个问题？然后三次机能问题可以换一个新手机？EXM？我拒绝了这个建议，太麻烦了，寄来寄去的游戏很累，另外暂时不影响机能使用，唉。。。。只此一次再也不约了，告辞@锤子科技@锤子科技客服@罗永浩 ,2996.jpg,0,0,0
属实没忍住，哈哈哈哈哈哈#文心一言##美国媒体#,2997.jpg,1,1,1
#陈怡凡谁敢和他谈恋爱##吴签#讲得有点道理但是吴签和粉丝这就开始偷换概念了吗太牛了只能说为什么这样的事情都能够轻描淡写地变成恋爱这完全不是恋爱的问题这是要坐lao的好吗,2998.jpg,1,1,1
5月23日，消息香港允许散户进行交易#资讯##经济#比特币合约比特币合约币圈比特币数字币币圈#区块链#,2999.jpg,0,0,0
"Wow, #VishwakSen and #SitharaEntertainments are so original and creative! They totally nailed the #NTR look with their #VSrags poster. I can’t wait to see this masterpiece of #Tollywood cinema.  #notimpressed #Telugu",3000.jpg,1,1,1
"The latest from your Friendly Neighbourhood Nudge Unit  Google launches ‘Prebunking’ For those of us with #CriticalThinking skills, this will only serve as a 'telegraph of their punches' #LOL#google #prebunking #thinking #obey #comply httpsbuff.ly3YHLL55",3001.jpg,1,0,1
Its gonna be that way huh #cod #b21 ,3002.jpg,0,0,1
"Say goodbye to work, and hello to sandy toes! OFFER Book 3 nights  enjoy the 4th night at 50% OFF!BOOK NOW!0707394384See more >> httpsswahilihouse.com#SwahiliHouse #diani #beach #ocean #getaway #offer #madarakaday #madarakaday2023 #madarakadaygetaway",3003.jpg,0,0,0
文心一言讲的是什么意思ChatGPT#文心一言#,3004.jpg,1,0,1
"Thank goodness for #Tory economic competence, imagine the mess we'd all be in if we had voted in anyone else!?  #SunakOut#GTTO",3005.jpg,1,1,1
"This sign on the back of a Hollinger Farms truck from Little Britain, ON, courtesy of the mainstream media. . On Avenue Rd north of Queen’s Park past the police roadblock. #onpoli #truckersconvoy2022",3006.jpg,0,0,1
#AI大战AI#！#文心一言#回应“生成式AI散布不实消息”对于无端的恶意抹黑污蔑将采取法律措施@澎湃新闻报道，对于科大讯飞sz将股价大幅下跌归因为“某生成式AI散布不实消息”，文心一言负责人直接“开怼”。月日晚，百度文心一言市场部负责人张全文通过朋友圈回应道，“听闻有友商把自己股价大跌，归咎于有人利用文心一言写了篇命题小作文，也是醉了。先别说小作文这事真假目前看来只怕是策划痕迹太重，如果AI作文有这本事，百度员工自己先炒一下自己股价不香吗？”张全文直言，中国发展自己的大模型技术挺不容易的，把精力放到正事上，请友商解决好自己的问题，别动不动就碰瓷别人。他还表示对于无端的恶意抹黑污蔑，将采取法律措施。 ,3007.jpg,0,0,0
"STEAM $20 GIFT CARD GIVEAWAY! I MAKE GIVEAWAYS EVERY MONTH NINTENDO, STEAM, PSN, ETC. RULES Follow me like this post share comment your favorite PC game, it can be multiplatform or just anything about computers. What's your rig? #steamdeck #steam #tf2",3008.jpg,0,0,0
月日锤子科技新品发布会？@罗永浩哥，还不出来辟谣么？#锤子手机#,3009.jpg,0,0,0
#lol  #christianity #relaxitsajoke,3010.jpg,0,1,1
#吴签#好恶心,3011.jpg,0,0,0
真是讽刺我没家人了啊我已经没有至亲之人了啊又是一个触景生情的夜,3012.jpg,0,0,0
#南京爆料##突发事件#南京幕府东路刚才出现严重交通事故，三车连环相撞，造成一辆小车底朝天，驾驶员被困，汽油全部洒满路面，情况非常紧急，我和大家一起把车辆托起，把驾驶员救出，这时救护消防先后赶到，我手上几次受伤，但是能救出驾驶员是值得的@南京零距离@937江苏新闻广播@何春银微想...全文,3013.jpg,0,0,0
We celebrate #StarWars at this time each day#MayThe4thBeWithYou ,3014.jpg,0,0,1
#突发事件#【11月1日下午15时33分，凤阳隔壁发生地震，你有震感么？】关于地震你知道多少呢？地震来了你知道怎么紧急避险嘛？想知道，戳下图合肥淮矿东方蓝海,3015.jpg,0,0,0
#电子科大#图上这位女生穿的已经够保守了吧，不是一样被骚扰？这配图和文字是反讽来的吧？,3016.jpg,1,1,1
#市监局回应反复对比确认是鸭脖#你家菜用鸭脖炒？看看那天菜单不就完事了好一个指鼠为鸭脖，编都不思考一下了#鼠鼠我鸭#,3017.jpg,1,1,1
#鼠鼠我鸭#子鸭脖丑牛寅虎卯兔辰龙巳蛇午马未羊申猴酉鸡戌狗亥猪,3018.jpg,1,1,1
你是真的不要脸，天天黑川普。#文心一言##百度##百度文心一言#,3019.jpg,0,0,0
Don’t get sick in Florida? ,3020.jpg,1,1,1
Well what is the definition of Trump? Well will you look @ that!?  #curious #notsurprised,3021.jpg,1,1,1
The new @StreamOnMax is amazing. Loving Shazam 2 so far. ,3022.jpg,0,0,1
Technical interviews be like...#Jobs #hiring,3023.jpg,1,1,1
食堂饭盆里有个头，只腿，一只鸭鸭两条腿，一只鼠鼠四条腿饭盆里有几只鸭鸭几只鼠鼠我六只鸭鸭八只鼠鼠正确答案个都是鸭鸭，没有鼠鼠#鼠鼠我鸭#,3024.jpg,1,1,1
#鼠鼠我鸭#原来这么多年我看了个假动漫,3025.jpg,1,0,1
最美卷王,3026.jpg,1,1,1
FREE #STEAM Gift Card  GIVEAWAY JUNE 2023Enter here httpscsgopoints.comgiveaway.html$50 Steam Gift Card Global#CSGOGiveaway #Giveaway #CSGO #CSGOSkins #csgoskinsgiveaway #Steam #giftcards,3027.jpg,0,0,0
谁推的中特估，谁总结的中特估，也是成事不足败事有余！#a股超话##经济#,3028.jpg,1,1,1
#人工智障##文心一言#妥妥的智障,3029.jpg,0,0,0
Makes me laugh every year Have a fabulous #InternationalWomensDay2023 #IWD2023 all us sisters all over the world  ,3030.jpg,1,1,1
"After a hectic schedule, you need a getaway to escape from a chaotic life.OFFER Book 3 nights  enjoy the 4th night at 50% OFF!BOOK NOW!0707394384See more >> httpsswahilihouse.com#SwahiliHouse #Tiwi #diani #beach #ocean #getaway #travel #offer #tembeakenya",3031.jpg,0,0,0
我之前还在和朋友推荐这本书，讲职场女性面对家庭职场难以平衡的百年问题。这是无国别差异的广泛存在的世界性问题。作者是美国的学者，但早在1946年申报就发表过“而今女子除做良妻贤母外，复做男人的职业，她们背着兼父作母的双重负担”可如今有讨论这些问题的现实社会基础吗？我们差的太远了,3032.jpg,0,1,0
不要太离谱#文心一言#,3033.jpg,1,1,1
#文心一言#刚刚有测试资格了，看看中国版#chatgpt#水平咋样温州,3034.jpg,0,0,0
什么厕所卷王,3035.jpg,1,0,1
 but hilarious,3036.jpg,0,0,1
#购在迪拜购物中心##HMHome#是专为儿童和成人设计的时尚家居饰品概念店，致力于为现代家庭提供兼具舒适感和品质感的家居用品，为消费者装点新居带去新的趣味与时尚。这里产品众多，如果想让家变得更温暖，HMHome一定是个不错的选择即日起10月13日，店内还有折扣哦位于G层，迪拜水族馆与水下乐...全文,3037.jpg,0,0,0
#中科润达##关注新冠肺炎##新冠肺炎##防疫##腐败#这家企业不错，对所有的关键岗位都照顾到了，包括疾控中心的主任和医院检验中心主任。核酸检测如此胡来，给社会带来了灾难，河南，合肥的不了了之了，北京结果尚不得而知。且待上海处理的结果，就看决心怎么下了。,3038.jpg,1,1,1
朋友圈让我知道了这个世界真的有脑血栓#吴签#,3039.jpg,1,1,1
"Embarrassing when some lawyers advertise they don’t know or understand what’s really happening at the DOJ. “seem to be”  Yes, because everyone knows perception is reality.  If you paid attention, you’d  see that your statement is built on broken axles  one wheel.",3040.jpg,1,0,1
#Hyderabad #Walkin #Freshers Note forwarded as received Interested can give a try ...#Jobs,3041.jpg,0,0,0
"Poor @iamsrk has ONLY 5900 Crores! But what will he do without “The Blue Tick”  God, I hope he will survive this! #BlueTick #ItsNotEndOfTheWorld #Twitter #OnFire #SRK #Pathaan #Jawan",3042.jpg,1,1,1
anyone needs lectures on literacy from the senator from alabamy.plenty of crackers done come out o' alabamy not good in their letters and their numbers. #ruralurban,3043.jpg,1,1,1
Plans for the weekend?Experience the taste of India this summer with our mouthwatering 2course bottomless meal offer for weekends only for just 18.00 per person.Book your table now call us at 01612223880 or via httpsthespicemafia.co.ukbooking#Spicemafia #Offer #bottomless,3044.jpg,0,0,0
#文心一言#妥妥的居高临下，虽然这样的沟通是废话连篇，难以接受且容易激发矛盾的。更可怕的事听起来耳熟，希望我们的AI有个正确的三观，不过应该不太可能。,3045.jpg,1,0,1
#重大新闻#上海的朋友看过来今天晚上我们来福店的实体店开业咯！大家记得来捧场！地址：长宁区长宁路1139号3楼E0301,3046.jpg,0,0,0
"@LinearClinical your adverts on Sky News Australia’s afterdark opinion pages are funding climate science denialism, racism, vote no for the Voice  misogyny. Does this reflect your corporate values? One would hope not, and you act appropriately. cc @slpnggiantsoz",3047.jpg,1,1,1
等了一个星期了#文心一言##百度文心一言#,3048.jpg,0,0,0
I saw this megayacht yesterday.  Do you think the owner invests $500month into $VOO or $SCHD?#yachts #YachtingVerse ,3049.jpg,1,0,1
Job opportunities #jobs #JobSeekersSA,3050.jpg,0,0,0
#文心一言#碰到敏感话题了这是？,3051.jpg,0,0,0
#文心一言#大家看看，我体验的文心一言，给我回答的论文还不行，太短，我试了试笑话，这也不太好啊,3052.jpg,0,0,0
New Song Electronic Dreams  electwave #ElectronicDreams #ElectronicDreamsSong #ElectronicDanceMusic #ElectronicMusic #House #DanceHouse #EDM  #EDC #EDCLV2024 #EDCOrlando #EDCMexico #DJ #Disco #Clubbing #Radio #RockinFaves #electwave #electwaveedm httpsyoutube.comwatch?app=desktopv=26ptyXFTO8,3053.jpg,0,0,0
"Oh, the irony in light of today’s news  I did however, enjoy Danny Sangra’s Hand painted Psychic Hotline mural in Browns East yesterday #dannysangra #psychichotline #mural #brownseast #art #masks #topical ",3054.jpg,1,1,1
#锤子手机#时隔半年多！又可以听相声了。好开心啊！,3055.jpg,1,0,1
#文心一言#写的不如周星驰的好。,3056.jpg,0,0,0
OK...Sorry  Not SorryThe #tragic  of this is just...too muchThe Waffler suffered a #coincidencePt1#TikTok #personality #SuddenDeath#TheWaffler #BizarreFood #CannedBurger #FoodTester,3057.jpg,1,1,1
可是即使这样，还有好多女人前仆后继的生儿子，重男轻女最多的永远都是女人，挺讽刺的,3058.jpg,1,1,1
Revolution ,3059.jpg,0,1,1
中国民航大学#中国民航大学##腐败##天津疫情##防疫工作#怎么样，封控一学期“顶着压力”给我们考四六级，整个天津放假时候我们不许走，不在校完成所有考试要按挂科或者下学期提前回校补考，现在阳性把学生封在宿舍满意了？讲道理我们学生不出一个阳性都对不起学校，天天大筛还线下课，一堆...全文,3060.jpg,1,0,1
吃果团队宣传南丰蜜桔，为了把南丰好品质的蜜桔送到您的面前分享自爱奇艺泡泡圈  #吃果交流##货源##罗永浩#  ,3061.jpg,0,0,0
Use your hoversword to surf and trick through the surreal undulating landscapes of #SwordoftheSea#PS5 #Playstation5 #Steam #PC,3062.jpg,0,0,0
#吴签#等瓜打卡,3063.jpg,0,1,1
"Ah, look another Naysayer of admirable, high character and class. And another who definitely “sounds like Putin.”#MerrickGarlandDerangementSyndrome",3064.jpg,1,1,1
#坚果Pro##锤子手机##我的坚果Pro#如果坚果Pro拿掉情怀，有多少颜值分，有多少实用分？@锤子科技@罗永浩@坚果手机@坚果手机@摄影世界  ,3065.jpg,1,0,1
"Ah, @RepMTG defending a guy who leaked top secret documents and also happened to be a fan of guns and racist memes. Because what's more patriotic than betraying your country and promoting hate speech?  #AmericaFirst",3066.jpg,1,0,1
#锤子手机#锤子t估计继续难产，哎，T系列还有吗？@罗永浩晋城古晋城中心,3067.jpg,0,0,0
.@smartlinkhq latest post. If anyone can do something in a trustless environment it's this lot of lying scammers! Don't buy into these lies. #ironic  #scamlink #SCAM #smak #smartlink,3068.jpg,1,1,1
"#StreetArt by  in #Eindhoven, #Nederland 2022",3069.jpg,0,1,1
文心一言，不可#文心一言#,3070.jpg,0,1,1
#锤子手机#和#YunOS#在一起了。,3071.jpg,0,0,0
How to win voters and influence the young #GQPClownShow,3072.jpg,1,1,1
#体育生##篮球袜##uzis篮球袜##耐克##耐克白袜#要的私,3073.jpg,0,0,0
"Unelected, not unemployed. ",3074.jpg,1,1,1
年近的“网红”罗永浩也加入了脱发大军，确实脱发的人症状都各有不同，有的是头顶发旋处开始光裸呈现“地中海”，有的是额头上方的发际线逐渐上移形成“光明顶”。但严重脱发，最终表现都是只剩下头部边缘仅有一圈头发，那这是为什么呢?其实这些都是雄激素性脱发的典型症状。雄脱，头发一般会从发际线两额角开始脱发，最后发际线会变成一个经典的“M”字。接着开始脱发的一般是头顶。这种脱发模式可能与身体处理雄性激素的方式有关。事实上，患有雄激素性脱发的男性携带了对雄激素二氢睾酮非常敏感的基因，导致毛囊缩小、毛囊寿命缩短，最后无法再长出头发。而毛囊最容易缩小的部位刚好就是头顶和前面的发际线。也有些男性老了之后只会出现发际线后退现象，也有人是头顶脱发，但大多数时候，这两者是同时存在的。专家称，这两个部位的脱发顺序是由基因决定的，因此开始脱发的时间和脱发严重程度也不一样。而头部后方之所以不会脱发，是因为那里的毛囊几乎不受雄性激素的影响。也正是因为如此，植发是通过移植后脑勺的毛囊实现的。#头发##脱发##罗永浩# ,3075.jpg,0,0,0
#鼠鼠我鸭#鸭子的毛是这样？不知道是对谁失望,3076.jpg,1,1,1
【<人物>前日本小姐亚军当社长打造易于女性工作的职场】零加班、可短时间出勤，也可带着孩子上班。在业界中也是大型公司。在利用网络进行女性礼服租赁的“MissConscious”里，25名工作人员中有21名是育儿中的女性...全文见简httpsasahichinesej.comopinion12049098繁httpsasahichinesef.comopinion12049061,3077.jpg,0,0,0
"#jobingis  Gro Intelligence is hiring a Senior Geospatial Software Engineer #NewYork #USA $150,000  $225,000Apply here   httpsjobingis.comjobsseniorgeospatialsoftwareengineer#Jobs #jobsearch #cartography #Geography #mapping #GIS #geospatial #remotesensing #gisjobs #gischat #NewYorkCity",3078.jpg,0,0,0
真是自己活着的时间越久，越是喜欢老罗，老罗身上有太多自己钦佩的闪光点了。年轻时候自命不凡，一腔热血，特立独行，然后便高中退学。他说，大学没有交给他的，人生都教了。退学三四年后，老罗突然意识到学习重要性，便把自己关起来发疯学习英语，并在岁时，满怀欣喜地面试新东方。可能优秀的人的青年时代注定不是一帆风顺，两次面试试讲，两次被pass，不甘心地请求第三次面试机会，终于通过，而这份来之不易工作一干就是六年，对于大多数当代躺平来讲，一份工作干六年几乎是天方夜谭，但就是这么被人讲不靠谱的老罗，也是在岁这个不大不小的尴尬年龄，愿意从零做起，踏实的把一件事做到极致。可能追求极致和理想主义，是老罗最让人喜欢的优点了，在新东方他让自己成为网红老师，受到无数年轻人追捧，而他不负众望，将这一份极致和理想也带到了他之后所创立的锤子科技。锤子作为我大学时代的所接触到的风口浪尖之一，吸引了无数的年轻人对此趋之若鹜。毕竟没用过，我也不评价锤子是否是一部好手机，但是锤子也成为了当时文艺青年聚集地“双非大学”中不可不谈的话题。但是天不遂人愿，做企业老板和做网红老师显然难度不是一个层级，老罗败了，这一次失败让那些之前根本不了解这个胖子是谁的吃瓜群众，彻底知道“罗永浩”这个价值个亿的名字。想老罗目前的一生，出过很多次名，网红老师，砸冰箱，骂天骂地骂自己，锤子手机欠六亿，但不管哪一次，都比不上让六个银行烦恼的这件事更有力度。对于绝大多数人来讲，罗永浩几乎和个亿挂钩了，而六个亿可能也是他这一辈子最大的一个坎。在《脱口秀大会》上，老罗把自己摊开，用幽默和自嘲讲述着他欠债六个亿的心路历程，各种金句的背后，实则看到的是一个男人的担当和通透。他讲述了自己对六个亿的思考，而这也是对他自己人生的思考。“欠了六个亿，有没有必要活下去。”“欠银行一百块，那是你的烦恼，欠银行一个亿，那是银行的烦恼，而我一个人干翻六个银行。”人们在老罗面前笑，不知道老罗是不是在人们背后哭，经历了诸多坎坷，马上就要迈入知天命年纪的老罗，重新拾起行囊，像当年多岁在北京西山出租屋里学英语的自己一样，每天给自己打鸡血，再一次为了目标而奋斗，而这一次老罗也将重获新生。老罗这半生是起起伏伏的，但却让人钦佩不已。虽然不妨承认他有诸多缺点，但是他乐观，积极，不信命运，面对挫折积极应对的态度，以及对人生通透的理解，却也让自己从对其薄知，到对其喜爱。虽然不知道老罗下一次会讲述怎样的故事，而让人相信的是，这个永远在航行的理想主义者，做的每一件事都将继续闪烁着他的闪光点。#罗永浩# ,3079.jpg,0,0,0
成都的贫富差距未免有些大了。#贫富差距#,3080.jpg,1,0,1
#鼠鼠我鸭##市监局回应高校饭菜异物疑似老鼠头#送检了，确实是鸭脖,3081.jpg,0,1,1
可还行？我和AI聊了聊今年高考作文今年高考作文难不难？问了几次百度文心一言，我有点懵了，结论大概是“看心情”。大家觉得现阶段的AI靠谱不？#文心一言##高考作文#,3082.jpg,0,0,0
#鼠鼠我鸭#确实长这样啊不利于团结的话不要说“,3083.jpg,1,1,1
男女平等#男女平等##婚姻的真相到底是什么#婚前必看，其爱好、其家风、其父母、其朋友、其住的小区档次，其邻里素质。这里面信息量巨大，包含收入水平，消费理念、教育水平、个人及家庭素养、等。如果没有问题，这个人问题不大，如果有任何一点不满意直接否决。别听什么浪子回头，原生家庭阴...全文,3084.jpg,1,1,1
离了大谱，精神小伙？or 戴帽子的卷王？#文心一言#,3085.jpg,1,0,0
你接着编啊！看来不仅细节是真的，“细”也是真的#吴亦凡##吴亦凡都美竹##吴签#,3086.jpg,1,1,1
你在影射什么？谁指使你的？你的动机是什么？你取得有关部门许可了吗？他们容许你发了吗？你背后是谁，发这些想做什么？想颠覆什么？破坏什么？,3087.jpg,1,1,1
带大家认识一下#鼠鼠我鸭#,3088.jpg,0,1,1
文心一言真好玩#沈阳##文心一言#,3089.jpg,0,1,1
#鼠鼠我鸭#想到上次冲击中国邮政的王楚钦脂粉，昨天换号重生了,3090.jpg,1,0,1
Bankalar battka Pepe zirveye trmanyor! nsanlar bankalar brakp Pepeye kouyor... #pepe ,3091.jpg,1,0,1
道理我都懂，这些男士不比#吴签#帅？,3092.jpg,1,0,1
There’s always that one guy at a Jason Isbell show. He’s uppermiddleaged and doughy and wearing a plaid shirt and a $200 North Face vest and he’s drunk and dancing like a sports writer at his first Bruce Springsteen show during a recovery anthem like “It Gets Easier.” ,3093.jpg,1,0,1
哈哈哈哈哈哈哈我给文心一言扛大旗程序员是见不得别人头发多的#文心一言##程序员的逻辑#北京BDA国际企业大道,3094.jpg,1,0,1
“上帝让其亡，必先让其狂”。笑果文化一番侮辱解放军言论，网上一石激起千层浪。连千万粉丝媒体人胡锡进也针对此事发表观点，认为对过度言论行为该处罚处罚，不应该一棍子打死。“到底该不该一棍打起”，应该以客观的调查为支撑。笑果文化称这是脱口秀演员自己临时加词，可是即便如此，那说明...全文,3095.jpg,0,0,0
"CAVE. design by @akhilalukkaranGet Inspired, visit httpmyhouseidea.com#myhouseidea #interiordesign #interior #interiors #house #home #design #architecture #decor #homedecor #casa #archdaily #beautifuldestinations",3096.jpg,0,0,0
"Humour and Environmental Education Guest editors Constance Russell, Patrick Chandler, Justin Dillon#eerjournal 294, April 2023, is now available at httpstandfonline.comtocceer20294#humour #humor #comedy #joy #fun #laugh #absurdity  #cartoons #environmentaleducation",3097.jpg,1,0,1
#fosale #house and lot,3098.jpg,0,0,0
OneAI就类似于手机端的Chatgpt，不用国外id就能下载！主要中文对话比gpt更好用，回复的可用性还蛮高的，也可以用它来摸索学习一下代码，总之可以帮助你建立起知识或者软件的一些基础框架，真香大家认准图一图标不要下载了假冒APP#ai##AI##人工智能##iPad##iOS##文心一言#,3099.jpg,0,0,0
#无产阶级##人权##贫富差距#,3100.jpg,1,0,1
Anyone else find it ironic that teachers chose World Book Day to take strike action? #WorldBookDay #TeachersStrike,3101.jpg,1,0,1
笑死我了@Diamonds300CT回复@Diamonds300CT卧槽娟为啥点赞我啊啊啊啊服了看不出来我反讽吗@akira1990akira这得问李云迪,3102.jpg,0,1,1
#锤子手机#已经复活，不用再听罗永浩讲相声。有消息称字节跳动会在今年下半年发布全新的坚果手机，而现在种种消息表明这部新机确实存在，并且将会在月底召开新品发布会，地点定在北京工业大学体育馆，并且主讲嘉宾是吴德周、方迟和朱海舟。尽管消息的真实性有待考察，但是可以确定的一点是今年锤子肯定会有新品推出，如果真的有新品，在座的各位还会继续支持么。 ,3103.jpg,0,0,0
#Right we have reached the middle of the night and the shoap and the #offer is shut So if you took advantage of my offer then #Thankyou,3104.jpg,0,0,0
"Pope Pius XII, why are you so pronazi that you go as far as to accuse people of being pedophiles when they ask you to condemn nazis?I already answered this. I don't do what groomers tell me to do.",3105.jpg,1,0,1
 #dating#breakup#Management#analysis#degree,3106.jpg,0,1,1
#文心一言#百度文心一言测试版的影评大师功能，这能叫资深观影人？百度营销号还差不多。对于有名的电影，则基本说对导演名字和主演名字，但是流水线评价。对于没那么有名的电影，则瞎编名字，并且流水线评价。对于不存在的或虚构的电影，则瞎编名字，并且流水线评价。流水线评价剧情很精彩，情节很巧妙，主题很深刻，配乐很出色，音效很逼真，口碑非常好，总的来说非常推荐云云这不就典型的巴纳姆效应吗？我的总体评价这个模型的前景一片光明亮瞎我的眼，都找不着路了，有巨大的进步空间没法再怎么退步了 ,3107.jpg,1,0,1
Promise yourself you will never give up.Via Instagram @ housepoff#house #luxurylifestyle #MillionaireMindset,3108.jpg,0,0,0
#鼠鼠我鸭#救命今天这个猪耳朵没问题吧,3109.jpg,0,0,0
#今天你训练AI了吗？##ai黎明时刻##文心一言#ChatGPT#chatgpt#,3110.jpg,0,0,0
When you can't quite join the dots...The cognitive dissonance is quite something to behold.#Fatal5#Pollution,3111.jpg,0,1,1
"Emus, floods, roadtrains and my ute, I miss a good roadtrip in arty black and white#photography #blackandwhitephotography #travel  #nature #naturephotography #australia #queensland #roadTrip",3112.jpg,0,1,1
#鼠鼠我鸭#当事人澄清是鸭脖，肯定是受到来自学校方面的压迫被迫改口的，反正学校想方设法消除舆论对其的影响。正常的鸭脖怎么会有上下排门牙，明显就是老鼠头，这学校真当网友是吧,3113.jpg,0,1,1
#私服##分享#最近宠幸#HM##日常##穿搭#,3114.jpg,0,0,0
#饮水安全#问题，特别是#校园安全饮水计划#，一定是着眼于#安全#为根基，特别要避免#突发事件#，比如集体腹泻、#集体中毒#，等等。,3115.jpg,0,0,0
#男女平等##如何看待男女平等#男女真的永远不可能平等吗？看到朋友和某人对话我不禁陷入沉思。,3116.jpg,0,1,1
FOOTBALL COMMENTATORS WANTED... Interested? Contact us info@commentaryservices.co.uk #commentary #commentator #broadcast #media #Jobs #Careers #CareerOpportunities #football #soccer,3117.jpg,0,0,0
罗永浩万字求职信再次刷屏。这封信写于年前，那一年罗永浩岁。从这封信中可以看出，罗永浩是真能说，洋洋洒洒，下笔万言。信中，罗永浩对照新东方招聘标准，逐一介绍自己的优势，接着将自己的经历详细作了说明，语言诙谐幽默，态度自信从容，不卑不亢，不急不躁。俞敏洪给了罗永浩次试讲机会，并录用罗永浩。不过，年，罗永浩离开新东方开始创业。只能说彪悍的人生不需要解释。大家不妨一起学习下。董永辉可能是新东方下一个牛人#罗永浩##俞敏洪##新东方##新东方董宇辉喊话吉利买大米#牛人 ,3118.jpg,0,0,0
Kitty#cats #MONEY #Jobs #Memes,3119.jpg,0,0,0
"#是什么给了瑞典官员的自信#31日,瑞典外交政策研究所认为中国消费者不是自发抵制#HM#",3120.jpg,1,1,1
卷王,3121.jpg,0,0,1
今天看到了坚果R等到了从安卓到的更新提示，估计是从月头到月底陆续推送部分用户，终于轮到了最底层的锤粉我。对于这个手机系统升级更新的消息，其实压根没有什么意外，毕竟官方说过暂停手机业务，但不暂停后续维护服务，这也是作为手机厂商，正常履行责任义务的范围。如果一年内更新得多，那是显得不太正常，但能显示幕后团队很敬业。如果一年更新得少，也不会觉得有什么违和之处。毕竟大家也能明白与理解。不过一步图发朋友圈的这个功能，还是希望下次能更新得到回来，虽然知道这很难百度看了下，安卓和的区别，对一般人而言感觉实际差别不大，可更可不更，就是感觉安全感提升了，某些的操作变繁琐了，这些只是基于百度这段文字的体会，实际使用并未有觉察，可能只是刚刚开始使用的缘故，等之后再说.....有微博更新后的锤子用户表示什么读取内存软件都不开，系统发热变大，目前我刚更新，并没有明显感觉。对于四季如春的广州，比起北方冷得要命只能开暖气的朋友们，我们这些广州的朋友更能感受到手机的温暖程度。或许我们天天需要出示健康码的锤子手机们，它们也怕发烧了要去缴费三天两检天天隔离的核酸检测了吧.......对于业内被说要回归手机并要搞元宇宙开发的老罗，我们也只是看到他说要还债成功后的当天马上回归科技行业，这个词是个很泛的概念，我们所提的手机只是里面的小小一部分，所以也只能静观其变息目以待等待可能的好坏消息吧。坚果手机@坚果手机@罗永浩#坚果手机##坚果r##坚果R系统更新##锤子手机##罗永浩#广州 ,3122.jpg,0,0,0
#文心一言#不知道百度这个AI能不能扛起国产大旗。。,3123.jpg,0,0,0
Live pictures from Brigg railway station. Where the definition of a skeleton train service is shown to the full. #brigg#kirtoninlindsey#briggline,3124.jpg,1,1,1
#文心一言#第一个问题，想写名人传记，主动给我国外人员的传记，为啥不给我本国人员的传记，我记得文心说是更支持中国人使用习惯的，难道百度更倾向美国文化么。后面是查人物生平，只能说文心也有政治态度，论古不论今，媚外不媚内。而且秦始皇还修了颐和园么？？？,3125.jpg,0,0,0
"Look at Julie’s avatar. It’s a great one!Simple. Profound.It says so much. #WomensRights #Texas#GregAbbott has been an abomination on women, leading the nation’s #misogyny movement across our fracturing society, minimizing women’s presence.FunnyNot funny",3126.jpg,1,1,1
#你我能买罗永浩竞拍的卫星吗#？月日晚，#罗永浩#在淘宝直播间里卖起了卫星。原价万元的卫星及发射费用，直播间优惠一口价万元。时分，买家一次性付款成功拍下，在近分钟的直播介绍中，逾人把产品加入了购物车。购买卫星需要门槛，一位业内人士告诉《财经》，和卫星通讯需要专门的频率，需要资质还需要专门的地面站。现阶段，即便是直播卖卫星，仍是一门B面向企业的生意。在中国科技新闻学会太空文化传播青少年工作委员会委员王君毅看来，直播卖卫星具有很强的象征性意义。他告诉《财经》，除却销售，更重要的是借此向公众宣传科普卫星知识，培育市场需求。淘宝直播新闻发言人沈方俊告诉《财经》，看似小众的商品，在网端上线后，能够挖掘潜在客户、积累存量客户，随着中国卫星互联网产业的发展，商用卫星会用途更加广泛，在淘宝上下单卫星将会购买日用品一样简单便捷。@财经杂志 ,3127.jpg,1,0,1
"这种书是怎么过审的现在都2023年了怎么还有这种书啊？男人是女人的全世界？#女权不是女性至上,是人权平等##男女平等##该不该做全职太太##婚姻##男权压迫下的女性#",3128.jpg,1,1,1
罗永浩辟谣锤子谍照新机嗯，假的#罗永浩#有消息称一款代号为“austra”的锤子新机将于月份发布，目前已经获得了C认证。日，微博数码博主@C科技曝光了一款称为“下个月的锤子新品”的手机，这款手机背面采用了玻璃后壳、三段式设计，底部隐隐约约还能看到“smartisan”的锤子英文标识。新机采用了背面指纹识别，单摄，锤子手机背面经典的“锤子”Logo已经消失不见。日晚上罗永浩进行了辟谣，延续其一贯风格“嗯假的”。 ,3129.jpg,0,0,0
 babymonsterygofficial#HARAM's instagram update# #BABYMONSTER@YGBABYMONSTER #DREAM,3130.jpg,0,0,0
"... somewhere, somewhere in the world... someone has special needs  Good morning #streetart #art #Goormorning #specialneeds #Smile  #graffiti #Mural #Urbanart",3131.jpg,0,1,1
“文心一言”开始收费，百度定价不低，有网友说技术不咋地，收钱倒挺积极。无法直接用微软等产品，只能由着它了？#热门微博##微博科普##文心一言##百度#,3132.jpg,1,0,1
What I think of when I hear James Bond... ,3133.jpg,1,1,1
" I don’t share too much personal here, but after recovering from #GuillainBarreSyndrome years ago, then staying in my house for 3 years with Long #Covid , I was scheduled for more hospital tests, which require a prior  Covid test I just tested  for Covid again!",3134.jpg,1,1,1
#卷王#被迫卷王.实验室又只剩我一个人了,3135.jpg,1,1,1
杜兰特早都走了呀#文心一言##勇士vs国王#,3136.jpg,1,0,1
#冒个泡#男同事的言论今天没发挥好但是我很棒我回击了哈哈哈哈哈很棒#男女平等##女性##女权#,3137.jpg,1,1,1
#鼠鼠我鸭#鼠鼠变鸭，成了新时代的指鹿为马，我知道你们知道，但是既然我已经说它是鸭了，那你们就应该懂事一点，不要太较真了。这不是鼠和鸭的问题，而是我和你的问题。另外，“鼠鼠我呀”是“鼠鼠文学”的一种常用开头，用于作为社会最底层打工者的一种自称，表达了一种苦中作乐的态度。所以这个鼠鼠我鸭背后的意思是，如果你是鼠鼠，那么我说你啥你就是啥。不要在吃到鼠鼠时嫌弃它，那不就是生活里的自己吗。#涉事学校曾因老鼠事件被联合执法##微博新知博主# ,3138.jpg,1,1,1
最后一双Nike的寿命马上要走到尽头#新疆棉#,3139.jpg,0,0,0
一个多月了，#文心一言#才给我开通,3140.jpg,1,0,1
回复@下次见miss我是在反讽层主。@下次见miss回复@张帅201212以前和现在不一样了知道吗,3141.jpg,1,0,1
"You should try to type Iraan when your spell check is owned by Satan.Will gas  eat in Ft Stockton. If you've never visited, add to #BucketList#TucsonGemMineralAndFossilShow",3142.jpg,1,0,1
#文心一言#今天终于等到了百度“文心一言”体验通知了。我先让它做了一个缅甸近代史的文案。做的不错，很全面、很精准。看来文字能力至少在中文范畴还是令人佩服的。然后我让它试着作图。先问它会作图否？它回答说作图不是强项，但可以试试还算谦虚。于是我出了同样的题目让文心一言做。结果如下图一、图三。和Midjourney相比，差距还是蛮大的想象力不够丰富。不管怎么说，百度在奋力追赶，给它加油吧，就像“孤勇者”里唱的人只有不完美值得歌颂，谁说污泥满身的不算英雄！ ,3143.jpg,0,0,0
"We castrated our cat Moderna cuz sheher favorite toy is pink. We're saving money to complete the sex change but it's expensive. I think govt should pay for it, IMO. What say u PETA?  Sheher has already been in 2 Pride Parades!. #FelinePride",3144.jpg,1,0,1
I met this guy today isn't he just loveable in Skyrim?  #funny #frosttroll #gaming,3145.jpg,0,0,1
#文心一言#总感觉差点东西,3146.jpg,0,0,0
I'm the only onewho can make me laugh.#NaokiSakurai#NOKS #layback#NYQUILL#AlanSmithee#KurtCodeine#PRAYNCo#ALTERNATIVE ##,3147.jpg,1,0,1
罗永浩索尼手机不如锤子让他们承认事实太难虽然罗永浩已经从手机圈淡出了实现，但是其在微博上依旧非常活跃，日前老罗更是语出惊人，其表示，索尼手机不如锤子，这是事实。事情的起因是，罗永浩推荐索尼最新的WFXM降噪耳机，并表示，他们家虽然手机产品做得远不如我，但耳机确实做得很牛。随后引发了网友的围观讨论，有网友不服表示索尼手机比锤子差?有网友回应称，不止索尼手机，夏普、微软、LG手机都远不如锤子。罗永浩转发并评论称要他们承认事实，还不如杀了他们。对于网友两派之间的争论，罗永浩称我夸索尼耳机时随口说起锤科手机做得比索尼好当然做到这个没什么牛的，因为索尼手机除了日本还有一些，全球都溃败了竟然也有很多人否认并骂街。这和过去几年我的很多遭遇都说明，很多人会因为仅仅不喜欢一个人就不惜否认甚至歪曲事实。我因为本性纯良且以己度人，要到被无数次加害之后才能认清这点。#互联网##手机##锤子手机##锤子科技鸟巢新品发布会##索尼# ,3148.jpg,1,0,1
我知道有些人喜欢披着可爱、好玩的伪装在我面前问的东西，实际上内心深处那股反讽的猎奇心理味儿都快溢出来了。。我不觉得它奇怪，但如果你非要觉得它奇怪的话，那我本身也是个怪胎,3149.jpg,0,0,0
队友丝不仅造黄谣还人肉素人@云吞拌拉面@灰烬诗章你们不觉得很可笑么，卖惨的同时自己也是加害人，如果当做是粉圈斗争也罢了，问题是你们居然敢以冠冕堂皇的姿态爬到道德制高点上，施加的所谓指责看起来只会更加讽刺和可笑,3150.jpg,1,1,1
限时代问小编有文心一言内！测！码！在！线！帮！问！快快评论留言真的很想和大家聊天，限时一小时，速速啦#文心一言#,3151.jpg,0,0,0
"you dont get it. A.I. has a 25 trillion TAM. and $NVDA is the guy who sells the shovels. its the picks  shovels business of our time. get in now or regret later. think of your family, the ppl u luv. #Responsible #OneDecisionStock #GetRichNow #NoBrainer #Gamechanger ",3152.jpg,1,1,1
#吴签##用吴签的方式聊天会怎样#拒做吴签，昂首挺立，做真男人。,3153.jpg,1,1,1
我知道有很多人瞧不上百度的文心一言，毕竟微软的ChatGPT都到.了，文心一言跟它一比，差距不是一星半点。#文心一言#话是这么说，但是国内的ChatGPT产品，目前还只有文心一言能拿得出手，再加上文心一言处于内测阶段，就有不少人出于好奇心的因素，想去体验一番。就着ChatGPT的这把火，一些开发者竟然打起了文心一言的主意，在AppStore上搜索“文心一言”出现好几个App，但都是个人开发者，与百度的文心一言无关。看来，嘴上虽然说文心一言不行，但是一提到赚钱，心思就活络起来，一些人靠蹭热度赚钱的手法真是牛，就问你服不服吧！#微博新知博主# ,3154.jpg,0,0,0
Someone eats the last slice of pizza that you were eyeing ?Image  SpiderMan 2002#movies #film #TV #meme #nerdgonAlley #memes #stupidmemes  #entertaining #wtfmeme #memehearted #crazymemes #memehumor #memeculture #memedose #unusualmeme,3155.jpg,0,1,1
梅西至今“吴签”，已经回到巴塞罗那，并在下周完成续约，续约完成后会飞到下个目的地度假。梅西#吴签#,3156.jpg,0,0,0
Grab your gym gear and get ready!  This 1 day offer won't last forever  No Join Fee!!Save upto 25  Offer ends Midnight 31523  join us and sweat it out today!  #Gym #Fitness #Offer #OneDayOnly,3157.jpg,0,0,0
发现了一个宝藏APP！毕业论文不会写？平时不知道吃啥？笔记内容不会生成？PPT内容不知道怎么做？精简品工作报告不会写名咋办！呼叫OneAl。当你工作学习中的小帮手大家认准图标不要下载了假冒APP了哦#ai#人工智能##iPad#iOS#文心一言#AI#,3158.jpg,0,0,0
#DailyPictureTheme ,3159.jpg,0,0,1
这种人是懂流量的，一个万粉丝的大V很懂流量，很懂，清晰记得在武汉学生妈妈跳楼中的评价，这样的大V，让人不齿呀。#市监局回应反复对比确认是鸭脖##鼠鼠我鸭#,3160.jpg,1,1,1
To sitting together in Dus Ka Dum 2008 to being together in 2023 they come really very far  #MalaikaArora #arjunkapoor #duskadum #sony #SalmanKhan @BeingSalmanKhan,3161.jpg,1,0,1
#全民K歌#遇见你是满天的星#波拉车载金曲#波拉新作很好听#波拉天籁之音#波拉声音模仿秀#只要有你陪伴#余生牵手诗和远方#优质翻唱作品推荐#我要上热门#神仙翻唱合集#神仙翻唱合集#花式>>《荒漠玫瑰》遇见你是满天的星#波拉车载金曲#波拉新作很好听#波拉天籁之音#波拉声音模仿秀#只要有你陪伴#余生牵手诗和远方#优质翻唱作品推荐#我要上热门#神仙翻唱合集#神仙翻唱合集#花式改编#热歌话题挑战#音效嘉年华#热歌新唱O幸运四叶草来自@全民K歌#快手##bilibili##小鹏汽车##灵魂唱见##音乐分享##音乐##微信##小鹏g##小鹏p##小鹏p##哔哩哔哩动画##音乐资讯##今日头条##手机##华为##百度##微软##董明珠##小米##机器人##哔哩哔哩动画##物联网##王传福##华为##网易##音乐资讯##芯片##腾讯视频##翻唱##小米##芯片##腾讯视频##罗永浩# ,3162.jpg,0,0,0
在中国“猪宝宝”是一种爱称只有喜欢他的人才会这样叫他男女朋友之间经常这样互相称呼他们并不觉得这有什么#FANTASYBOYS#KSOUL,3163.jpg,0,0,0
"The pandemic took scores of employees from me.On this interview with ABC Money UK, we talk top tactics to get your job back even if over 30httpsabcmoney.co.uk202306over30andoutofworkjosephplazopointsninesurefirestrategiesthatgettheelderlybackintotheworkforce #lawtwitter #apellatetwitter #cryptocurrency #showerthoughts #Jobs",3164.jpg,0,0,0
#罗永浩完成融资#投后估值约为亿美元月日消息，AR创业公司细红线科技今天官宣完成约万美元的天使轮融资，投后估值约为亿美元。本轮融资由美团龙珠领投，蓝驰创投、联想创投、经纬创投、大疆创新、ATMCapital等投资机构及黎万强、吴泳铭等科技界知名人士跟投，并由创瓴资本担任独家财务顾问。根据启信宝APP数据显示，北京细红线科技有限公司，成立于年月日，注册地位于北京市朝阳区，法定代表人为冯遥遥，经营范围包括一般项目技术服务、技术开发、技术咨询、技术交流、技术转让、技术推广软件开发虚拟现实设备制造计算机软硬件及辅助设备零售计算机软硬件及辅助设备批发等业务，通过股权穿透发现，冯瑶瑶、王安琪分别持股%、%，罗永浩并未直接持股。#细红线科技##罗永浩# ,3165.jpg,0,0,0
#吴签#因为某明星而大火的牙签男，最近颇受关注。不做牙签男，董叔给你几个方法生物补片植入、自体脂肪移植、玻尿酸导入，还可以采取假体植入等方式。材料多样，方法多样，想知道自己适不适合做增粗、适合哪种术式，最好的方法，是直接咨询医生。#牙签男#,3166.jpg,0,1,0
营销案例#网易严选##双十一##罗永浩#今年双十一，网易严选再度携手罗永浩带来“反套路”广告《啥是好东西》，和去年的反套路广告相比，今年网易严选反的是带货套路。广告中吐槽了传统广告讲历史、上价值、走情怀的风格，重申了“三个一”产品观，并倡导消费者“理性消费，只买好东西”。 ,3167.jpg,0,0,0
古有指鹿为马，今有#鼠鼠我鸭#为了个破食堂拖累执法部门的公信力值得吗？,3168.jpg,1,1,1
文心一言#文心一言#什么时候能通过？,3169.jpg,0,0,0
ChatGPTvs文心一言，就选了这两天问过的问题问了一遍文心一言，题一文心一言答案后开始偏题，题二文心一言首句陈述就不对，题三答案比ChatGPT多而详细，但是混进了一个明显错误的答案，文心一言还有很大进步空间#chatgpt##文心一言#,3170.jpg,0,0,0
#男女平等#这下得掂量掂量了,3171.jpg,0,1,1
文心一言上线内测一个月后，首份迭代数据曝光一个月共迭代次模型推理效率提升倍，最近一次带来的推理提升达到%推理性能提升%，模型算力利用率提升倍。#AI##文心一言#,3172.jpg,0,0,0
Dogecoin has $55M of liquidity. That means only .55% of people can withdraw their funds #pepe $PEPE #DOGE #Dogecoin,3173.jpg,1,1,1
#HM##hm遭天猫京东拼多多等电商平台下架##我为什么支持新疆棉#,3174.jpg,0,0,0
#鼠鼠我鸭#猫和鸭子，TomandJerryDuck,3175.jpg,0,0,1
Indeed ,3176.jpg,0,1,1
"Thanks for remembering, horrible social media platform. You really know how to make someone feel special.  #birthday",3177.jpg,1,0,1
when i took responsibility for       all            of my own actionsthatwas the pivotal pointwheni took control of my ownlife brooklynmorgan#inspire #acheive #dream #believe,3178.jpg,0,0,0
"Don't you just love Tom Berenguer's  on a Thursday morning...FB post, May 4, 2023",3179.jpg,1,0,1
.!#Life #mmJustSaying,3180.jpg,0,1,1
#刀哥##文心一言#,3181.jpg,0,0,0
Nothing says “#sustainability” like seeing an all electric tractor being pulled to its destination by a #diesel truck! ,3182.jpg,1,1,1
#商标注册##吴签#商标注册要趁早,3183.jpg,0,1,1
#鼠鼠我鸭#啊啊啊啊啊太好笑了,3184.jpg,1,1,1
吴心工作#吴签#珠海横琴岛,3185.jpg,0,1,1
我问文心一言半年不联系的人为什么又来找我？总结下来不是想借钱就是想yp。#文心一言#,3186.jpg,1,0,1
#鼠鼠我鸭#赵高欲为乱，恐群臣不听，乃先设验，持鹿献于二世，曰“马也。”,3187.jpg,1,0,1
"Meet Vivi, an Amari out for your bounty. She isn't very good at this whole assassin thing, but your heart will be hers... One way, or another... #farmsim #fantasyRPG #indiegames #Steam #pixelart #gamedev #SneakPeek",3188.jpg,0,0,0
#罗永浩再被法院强制执行#执行标的超万i企服APP显示，罗永浩于月日被深圳市福田区人民法院列为被执行人，案号为粤执号，执行标的约.万元。i企服APP显示，该案件涉及北京腾信创新网络营销技术股份有限公司与罗永浩质押合同纠纷，罗永浩承担赔偿责任。#罗永浩# ,3189.jpg,0,0,0
"Shout out to Keeper Maranda for sending us this graceful serval stretch! A cat performing the downward dog pose. Ironic, isn't it? #animalyoga #downwarddog #cat #cats",3190.jpg,1,0,1
#文心一言##ChatGPT#“提问对比一下文心一言与ChatGPT”，ChatGPT分别从大模型的技术原理、应用场景、个性化等方面进行对比分析。技术原理文心一言模型结构相对较简单，只能处理一些简单的语句生成任务。ChatGPT模型结构更加复杂，可以生成更加复杂、连贯的语句，可以进行对话交互。应用场景文心一言更适合于一些需要短语、句子生成的场景，比如社交媒体、广告文案、博客等。ChatGPT则更适合于智能客服、智能对话、机器翻译、自然语言生成等场景。个性化文心一言生成的语句可能存在一定的误差，也难以控制生成结果的风格和语气。ChatGPT则具有更高的准确性和可控性，可以根据用户的需求进行定制化生成，生成结果更加精准。 ,3191.jpg,0,0,0
"The #GenderRecognitionReformBill is like trying to fix a broken clock, it's still wrong twice a day but at least it's not as offensive ",3192.jpg,1,1,1
缅怀大火中逝去的人民#人民##鼠鼠我鸭##对台湾地区暂停天然砂出口#,3193.jpg,0,0,0
"CRT is coming for your libraries. Run, it’s the CRT boogie person! ",3194.jpg,1,0,1
文心一言每天都会给我新奇，文心一言每天都这么大大的可爱，文心一言每都都让我为他感到小小的捉急。#文心一言##人工智能##ChatCGT#,3195.jpg,1,0,1
#锤子科技##锤子手机##双十一#双十一养猫锤子手机这这个系统我是真的爱了。应用双开分屏，两个淘宝号一起刷双十一任务，时间节省了不少!若不是因为内存现在不太够用了手机用了两年了，而且电池的续航越来越不行了一天最少充三次电，打王者慢点打两个多小时就没电了。就这两个让我特别烦，特别是内存不足g的，不然我觉得这手机可以再战两年!石家庄河北师范大学 ,3196.jpg,0,0,0
Upholding the intent to have a film festival for indie filmmakers,3197.jpg,0,1,1
"The usual  monthly @WSJ chart comparing the US #unemployment  rate we get the latest reading tomorrow to job vacancies which, yesterday, broke a three month trend and went up to above 10 million, contrary to the consensus forecast.#economy #econtwitter #jobs",3198.jpg,0,0,0
早有你我还找什么金针啊艾尔登法环#文心一言#,3199.jpg,1,0,1
So is Uche Nwaneri still running his mouth about jailing antivaxxers?Nope. He dead.  Heart failure.  At 38  #VaccineDeath #SADS,3200.jpg,1,1,1
旁边座位的小男孩抱着一本单词书好认真的在背居然是专四！！！词汇书！！！！！我滴乖这个笔记也很用心比我写的好看多了优秀的自律崽崽呜呜呜#自律##卷王#南京南京禄口国际机场,3201.jpg,0,0,0
remember when fragile antimaskers flipped out over cyclists wearing masks in 2008?   httpstwitter.comDrEricDingstatus1664034919360745472,3202.jpg,1,1,1
#文心一言#,3203.jpg,0,0,0
#文心一言#我真要被气死，仿佛没有理解上下文的能力，最后还是没能给一个优化结果出来。chatGPT不用说就给优化好了,3204.jpg,0,0,0
#鼠鼠我鸭#鸭脖会有这么多毛？首先它就是鼠，如果不是鼠，真的是鸭脖，那这卫生也不合格啊！谁家吃鸭脖子带毛吃啊？还有鸭脖子上真的有这种弯弯曲曲的毛吗？,3205.jpg,0,0,0
"8.“,” mused Crowell the day after Warner’s presser, after receiving an ecircular from Warner’s reelection campaign, asking for “$5 or whatever you can spare.” “LOL,” replied General Counsel Sean Edgett.",3206.jpg,1,1,1
#鼠鼠我鸭#消灭谣言的最好办法就是彻底公开调查细节，邀请当事人、相关领域专家、媒体一起去专业机构做鉴定，鉴定全过程直播，而不是现在就这么一句话否认，这样只会让公众更加不信任，现在已经不单纯是饮食卫生问题了，而是公众对于发布声明的相关机构的信任问题了！,3207.jpg,0,0,0
#文心一言#文心一言可以访问网络获取时间和天气，chatgpt可以吗,3208.jpg,0,0,0
no access to tests.  no contact tracing. my #ActuallyAutistic kid can’t wear a mask.  but we have these!  I’m filled with confidence.  #abed,3209.jpg,1,0,1
#鼠鼠我鸭#快速迭代进化物种多样性收集,3210.jpg,1,1,1
LIVE  #SPARTAN #SATURDAY  Community maps FINALLY in #HaloInfinite BTB??Will likely be hopping between #Overwatch2  #MW2 as well then #RE4 later at nighthttpstwitch.tvjordychinchin#Halo #CallofDuty #RE4remake #twitch #TwitchAffilate #twitchsteamer,3211.jpg,0,0,0
"A message from my wee mamain severe pain with arthritis, still trying to walk her usual 6 miles a day and feeling completely isolated and depressed from months and months of covid related restrictionsall that and still managing to make me smile #humour  #positivity",3212.jpg,1,1,1
#鼠鼠我鸭#老鸭老鼠傻傻分不清楚要说控评还得看这些单位，鸭,3213.jpg,1,0,1
"Ppl with liberal educations fr 50yrs ago trained in the basic global survival skills of counting stuff  gathering evidence in complex 3 to say 5D quantum fields on #historical lines, uttering coherent sentences, #ABC archiviststoo, all GET Yankees  their   #Literature.",3214.jpg,1,1,1
"Cabin in the Woods by @3dmaxessentialGet Inspired, visit httpmyhouseidea.com#myhouseidea #interiordesign #interior #interiors #house #home #design #architecture #decor #homedecor #casa #archdaily #beautifuldestinations",3215.jpg,0,0,0
文心一言画的摄影街拍#文心一言#,3216.jpg,0,0,0
"Rs 11,990 56% off on Samsung Galaxy Watch4Deal affiliate httpsamzn.to3CatcNe#deal #sale #discount #offer #smartwatch #samsung #galaxywatch4 #fitness #like #follow #applewatch #tech #gadget #oneplus #realme #oppo",3217.jpg,0,0,0
网友“如果锤子也做刘海屏，我下辈子都专注黑你”。老罗“嗯，我看的很淡”。从对话来看，锤子新品就要采用刘海屏了。在此前，罗永浩也透露过消息称锤子的下一代旗舰将于月日发布，号称“改变未来年，请大家准备好纸尿裤与我们一起见证。”小伙伴们，大家觉得是锤子T吗？#锤子手机##科技播报# ,3218.jpg,1,0,1
#网红手机##锤子手机##坚果pro#@坚果手机@锤子科技佛山祖庙街区,3219.jpg,0,0,0
#锤子手机#这条消息应该很久了，三家联合合作,3220.jpg,0,0,0
#市监局再次确认高校饭菜异物是鸭脖##鼠鼠我鸭##食堂吃出异物高校曾出现过老鼠事件#大惊小怪，长着鸟身老鼠毛的鸭子在《山海经》里就有，叫“鼠”，上古神兽都给你炖了，偷着乐去吧,3221.jpg,1,1,1
 ARTICLEThe Big Rookie Girl Group BABYMONSTER are about to release their debut album in the third quarterhttpsn.news.naver.comarticle2430000045607?sid=101# #BABYMONSTER@YGBABYMONSTER #DREAM,3222.jpg,0,0,0
更方便中国宝宝使用的CHATGPT，可以帮忙起英文名，润色论文，还可以帮忙想小红书的文案，打工人还能帮忙写工作报告，非常方便。而且还有聊天功能，有什么烦恼和它倾诉都是秒回，还能给你提供有效的建议，谁能拒绝这么方便的app呢！大家认准下面的图标不要下载了假冒app哦。#ai##AI##人工智能##iPad##iOS##文心一言# ,3223.jpg,0,0,0
在中拉民营#经济##合作#论坛上，#古巴#领事丹尼思女士与#东莞#市市长吕成蹊进行了交流，她表示愿意继续加强古巴和东莞之间的友好关系，并加强合作以确定深化经济和#贸易#关系的新机会。,3224.jpg,0,0,0
讽刺呀，因为没礼貌的人太多了@GJ一只路西菌@曾虹燕的小号@江南大野花更艺术了@逆转的桥Bridge妙啊@baixiaorourou这很好。@迷影心生@老刀99@电子骑士阉割的艺术@张小北当不被允许的事情被最大化地呈现出来后最后一张图可以算是行为艺术了,3225.jpg,1,0,1
#文心一言#哈哈虽然没有米但是挺可爱的,3226.jpg,0,0,0
我个人觉得穿衣服主要是颜色款式的佩搭#mydearfriends##China##hm##fashion#,3227.jpg,0,0,0
#鼠鼠我鸭##市监局再次确认高校饭菜异物是鸭脖#鼠鼠我呀香喷喷滴,3228.jpg,1,1,1
How I imagine life in the United States.  #farcry5,3229.jpg,1,0,1
"Once I told a chemistry joke, but there was no reaction.  We're laying it on thick today. Happy Sarcasm Sunday!#woodycreekdistillers #woodycreek #coloradobornandraised  #sunday #potatovodka #bourbon #whiskey #gin #chemistry",3230.jpg,1,1,1
The Best Ever Decision of #ModiGovt Ever. #WorldMilkDay #42000jobs #9YearsOfGaribKalyan#MCStone #mcstan,3231.jpg,0,1,1
 come out of museum documenting how far right politics  popularism caused #holocaust to be met my #CPACHungary2023 and a bunch of Farage types WTF #learnfromhistory,3232.jpg,1,0,1
@MountRoyalPS Mustangs excited to start setting up their #STEAM projects! @PeelSchools @PNeerja,3233.jpg,0,0,0
#鼠鼠我鸭#反正怎么看都像,3234.jpg,0,0,0
#Dream  It's like you're fighting your brother #Technodad  smiles I'm not sobbing you are,3235.jpg,0,0,0
#罗永浩再被法院强制执行#执行标的超万据企查查APP显示，罗永浩于月日被深圳市福田区人民法院列为被执行人，案号为粤执号，执行标的约.万元。企查查显示，该案件涉及北京腾信创新网络营销技术股份有限公司与罗永浩质押合同纠纷，罗永浩承担赔偿责任。#罗永浩#被不少网友称为初代网红，因为欠债问题，此前多次被法院列入限制消费名单。#罗永浩再回应被强制执行#年月，罗永浩接受采访时表示，对于多次登上限制高消费名单一事，真实的消息会回应，假的消息会辟谣。至于心态，没有什么影响。罗永浩还表示，不出意外，债务应该在年年底还清。 ,3236.jpg,0,0,0
TONITE A Saturday Night 'Shoot the Breeze' Episode 94   Listen here httpsyoutube.comlivekFdQkihLGU?feature=shareLive Streaming 482023 8PM EST SET YOUR REMINDERS NOW! #BlackTwitter #blm #Saturday #racism #African #Philosophy #Afrocentric #education #SupportBlackBusiness,3237.jpg,0,0,0
"Alas, another season of #YuGiOhMasterDuel is among us. I can't wait for ladder to be as diverse as a Trump rally.#yugioh #yugiohtcg #yugiohGX #YugiohFestivalBusan2023 #yugiohduelmonsters #YuGiOhVRAINS #TearsoftheKingdom #META #TrumpArraignment ",3238.jpg,1,1,1
剧里面能禁止磨皮吗？@我是落生“生图即是黑图”，真讽刺，多看点有瑕疵的真实脸孔，有益健康@费加罗夫人@InsGirl@野良清和@罗斐女团脸不是终点，AI脸才是@吴沉水滤镜用到极致，本质还是对女性容貌的苛求,3239.jpg,1,0,1
带着#文心一言#和#中国高校计算机大赛人工智能创意赛#又来丽娃河畔，和华东师范大学百度松果人才培养菁英班的同学见面啦！上海华东师范大学,3240.jpg,0,0,0
算了#笑果#,3241.jpg,0,0,1
#成都大悦城HM摘牌#在正佳闲逛了一下午，发现还有部分人在逛，录了视频我就不发了，Zara最多人逛，彪马，阿迪，耐克等都基本没人在逛#HM#快点摘牌吧质量那么差估计也没有几件舍得用棉花的吧！广州,3242.jpg,0,0,0
how did niantic know I always run out of #space#thankyou for the #offer#pokemongo #pokemongoapp #pokemongofriends,3243.jpg,0,0,0
"Rs 36,249 at Rs 1750 bank offer on OnePlus Pad 29.49cm 11.61 inchDeal affiliate httpsamzn.to3qjvmrf#deal #sale #discont #offer #oneplus #onepluspad #ipad #tablet #pc #computer #gaming #entertainment #mobile #smartphone #samsung #apple #tech",3244.jpg,0,0,0
#鼠鼠我鸭#咱就是说你一个市场监管局的有鉴定资格么？要不叫个兽医或者屠夫来鉴定一下吧,3245.jpg,1,0,1
dyj你们真的的不行，张口就来的zhy起黑称，又当又立，一群双标@灰烬诗章你们不觉得很可笑么，卖惨的同时自己也是加害人，如果当做是粉圈斗争也罢了，问题是你们居然敢以冠冕堂皇的姿态爬到道德制高点上，施加的所谓指责看起来只会更加讽刺和可笑,3246.jpg,1,1,1
意外地变成了一种讽刺@反射弧超长星人影九图五当我想骂傻子@数知实验室@张小北当不被允许的事情被最大化地呈现出来后最后一张图可以算是行为艺术了,3247.jpg,1,0,1
痞气大叔PQ#杨笠尴尬#杨笠好样的，在中国搞性别对立已经获得了bbc、纽约时报等ru华媒体的官方认可。可能很多人不知道bbc和纽约时报都干过啥，随便举个例子吧#新疆棉#,3248.jpg,1,1,1
@WholeMarsBlog  you know you’ve hit peak  when your #tweet gets #CommunityNoted,3249.jpg,1,1,1
You mean she wasn't being truthful when she said this circled part??? Shocking. ,3250.jpg,1,1,1
锤子手机历代的广告语真的绝了，感觉每一个都直击心灵。不过从这些广告语里能看出来，它主要取悦的还是年轻人，还是有个性的年轻人。当时的锤子T系列售价可不便宜，对于年轻人来说，多半买不起。问题来了，你知道这些广告语分别对应的哪些机型吗?手机#数码科技#数码闲聊站#数码#数码#手机##锤子手机# ,3251.jpg,0,0,0
鲜韭菜不够咯，人力资源的开发利用矛盾正在越演越烈。#房地产##经济##今日头条#,3252.jpg,1,0,1
男朋友知道我生过宝宝，就对我讽刺了一番，还对我说为什么不告诉他！,3253.jpg,1,1,1
这个礼物必须晒一下很应景得说就喜欢你说，要不要惊喜？要惊喜就耐心等着谢谢你记住了我的每句话和爱好必须用它去跑下一个1000公里，拿下七颗星#运动就是坚持##跑步##晨跑##耐克##耐克跑鞋#,3254.jpg,0,0,0
Good morning! Apple mood in the style of Jobs.How do you like it?#NFT #Mood #Apple #Jobs #Ukraine,3255.jpg,0,0,0
“其实打拳最大的优势在于，被拳醒这件事具有不可逆性。”“即使你不再像现在这么高强度打拳，打拳为你培养出的敏锐度，总能让你在日常生活中被各种各样的性别歧视所刺痛，这种敏锐度可帮你躲过着社会为你设计的各种女性专用温柔陷阱，人生幸福概率直接翻倍。”“打拳有用。”by知乎用户钮祜禄狗懒子,3256.jpg,1,1,1
你浓眉大眼的苹果也会内涵了？#吴签#,3257.jpg,1,0,1
锤子坚果Pro台北实测#锤子手机##坚果Pro#台湾台北,3258.jpg,0,0,0
Um OP conheceu #PHARITA fazendo compras em um shopping na Tailndia a 2 dias atrs.#BABYMONSTER # #DREAM,3259.jpg,0,0,0
#鼠鼠我鸭#向污染社会清朗环境的腐恶事件发起文化的批判，是鼠是鸭必须追究个明白，不做糊涂度日的桃花源中人。中华文明历经沧桑，文字记载的文明史年，其中有辉煌、有沉沦，有光明、有腐坏，有成就、有教训。前者之鉴，后者之师，从历史中吸取教训，避免腐坏与沉沦，确保社会良性发展而不复辟倒退陷入历史的泥潭里就极为重要。在中华历史记忆中，有一个沉痛教训非常著名，那就是腐败黑恶分子赵高，利用“指鹿为马”这一阴谋诡计，打击正义力量，搞黑线阵营。指鹿为马，把鹿说成马，这是谋求私利打击健康力量，大搞顺者昌、逆者亡，最终结果果不其然把秦国给玩废了弄残了。当然秦国的生死存亡、秦国社会的风气环境，赵高这种完全由私欲而驱动的恶吏是不会在乎的，精致的利己主义者心里，自己的一根毛都重于天下苍生。假如身处赵高指鹿为马的现场，敢冒杀身危险说鹿就是鹿、马就是马的人，堪称历史中的勇士。假如有一天，被腐坏分子打击报复的可能极低，有没有足够的勇气打破沉默的惯性，大声疾呼是黑就是黑，是白就是白是鹿就是鹿，是马就是马是鼠就是鼠，是鸭就是鸭休得放肆，休得胡说。我自名为铮，就是自认为勇气冒到骨子里了，我就要来讲讲心里的大实话了我看那张图就是老鼠，你非告诉我那是鸭脖，我怀疑你们正在发明“指鹿为马”的同义词“指鼠为鸭”。指鼠为鸭一词指的是年月，行政人员，或出于惰怠、或出于敷衍、或出于其他原因，接受记者采访中，言之凿凿的将一颗鼠头说成是一根鸭脖，给出的依据来源于目测。此事因为与历史重大事件指鹿为马过于相似而“撞车”，引起了全社会的高度关切，已经超越了普通的行政案件，成为了一场关于历史公义的大讨论。出于对中华文明负责的态度，应当探究到底，做个dna检测，是鼠是鸭，追究到底是鼠就是鼠，是鸭就是鸭，论个明白，辨个黑白，不要糊糊涂涂的过日子。很多人以为自己可以肆意任为，却不知道历史自有自己的因果律。赵高指鹿为马的时候多么嚣张跋扈、肆意妄为，最终落个身首异处、举族遭诛的反噬。有些人推动历史的前行，有些人阻碍历史的前行推动历史前行的人，可以让历史大车成为其生命的载体阻碍历史前行的人，最终成为被历史车轮碾死的臭虫，留下的只有恶臭汁液。历史大车是公平是正义的，只有历史方向才能决定顺者昌、逆者亡，糊涂蛋子的恶行不过是掩耳盗铃罢了。 ,3260.jpg,1,1,1
完蛋了，走错片场了#文心一言#,3261.jpg,0,0,0
#hm##五一#这条裙子不错，方便又不透，一套进去就OK深圳,3262.jpg,0,0,0
关于性别歧视，大家的概念可能是一间公司录取男员工的百分率大于女员工，或者是一间大学录取男学生的百分比大于女学生。在“女士优先”的习俗中虽然为许多女性带来了许多便捷，但其中却无形地表露了女性被视为“较弱群体”或“需要被保护的弱势群体”。也许女生应该大胆的向男生说：“你凭什么对我性别歧视！”,3263.jpg,0,0,0
#Airdrop soonFollow us for airdrop task,3264.jpg,1,0,1
无所谓，我会直接出手#无所谓我会出手##就这##男女平等#,3265.jpg,1,1,1
#吴签#今天是吴签的岁生日，祝他在监狱里有多几个难忘的生日,3266.jpg,1,0,1
#鼠鼠我鸭#学校食堂很少有搞的好的，都是KPI闹的。除了个别不差钱的，大部分学校都指望后勤赚钱。至于市场监管局怎么把这玩意认成鸭脖，我就不知道了。。。,3267.jpg,0,1,1
Giveaway Mindustry Steam KeyRetweetFollow Me  @TheXboxTurtleRolling In 6 Hours!DM me to sponsor a giveaway like this.#giveaway #steam #key #steamkey #keygiveaway #steamgiveaway,3268.jpg,0,0,0
貌似风波正在逐渐退去#hm#深圳深圳壹方城购物中心,3269.jpg,1,0,1
ohhh the Irony. #1stamendment #male #female,3270.jpg,0,1,1
BREAKING NEWS!!!This young man is STILL able to play basketball with an undershirt that is NOT the same color as his jersey @ahsaahooprumors and @AABCHoops !!! #IYKYK #JEST ,3271.jpg,1,0,1
"My oc playing hide and seek with Dream haha! I should have time to draw tomorrow soooo next post might be interresting, i have a few ideas!! D #dream #dreamfanart #dsmp #dreamsmp #dsmpfanart #oc #myoc #originalcharacter",3272.jpg,0,0,0
#鼠鼠我鸭#前朝的话扰乱视听什么罪,3273.jpg,1,0,1
#文心一言#哈尔滨,3274.jpg,0,0,0
I love when people who have never taken care of a patient or undergone formal medical training decide what can or cannot be labeled as a chronic disease.  #MedTwitter,3275.jpg,1,0,1
#鼠鼠我鸭#完了完了鸭脖销量会不会大降价周黑鸭久久丫要不要去告这个学校？#涉事学校曾因老鼠事件被联合执法#,3276.jpg,1,1,1
今后的路，希望你一个人好好走下去，而我坐路虎。#互联网##创业##教育头条##罗永浩#,3277.jpg,1,1,1
#罗永浩#亿债务年底还清，罗永浩透露下一步打算重操软硬件旧业据媒体月日报道，去年月，罗永浩在某综艺节目自曝，欠的亿债务已经偿还亿，他当时预计再有一年就能还清。日前与搜狐科技交流时，罗永浩再次重申了这个时间，“不出意外的话，可以在今年年底还完全部债务。”对于还情债务之后的打算，罗永浩并未明确表态会继续直播带货。他反而是选择对记者提出的未来畅想做回应，“我还是想做一个软硬件结合的智能设备，一个平台级的东西，而不是一个相对容易赚钱的生意。”更多精彩财经资讯解读请看   ,3278.jpg,0,0,0
"a 'Septolet' #poem about #Finland joining #NATO #FinlandNATORussia invades Ukraine.Onceneutral Finland enters NATO, as support for joining skyrockets to 80%.httpsskepticskaddish.com20230407ironyorironcurtain  #UkraineWar",3279.jpg,1,0,1
dream doodle page!! droodle?#dream #dreamfanart @DreamFanart,3280.jpg,0,0,0
#新疆棉花开了##新疆棉中国心##万人说新疆#@柠檬酱酱酱酱lemon支持新疆棉，支持鸿星尔克。,3281.jpg,0,0,0
HM还没被封sha吗?怎么还能在瑞丽杂志最新一期看到它的广告?是编辑社忘记审核了吗？还是?用心点吧，支持中国新疆棉花，维护祖国尊严，人人有责!#HM##hm声明引网友愤怒##我支持新疆棉花#,3282.jpg,1,0,1
Shirt of the day #DadJoke ,3283.jpg,0,1,1
【#突发事件##中国旅游团在美国遇翻车事故#】中国驻美国大使馆公使衔参赞兼总领事钟瑞明连夜赶赴医院看望伤者，协调美方全力救治伤员。截至目前，事故已造成中国公民4人死亡，26人受伤，其中4人伤势较重。@央视新闻@人民日报海外版@环球网,3284.jpg,0,0,0
#快搜#美国实施涉疆产品全面禁令，中国商务部回应！#1stnews##以媒传媒##丝路讯息##头条新闻##商务##新疆棉##中国##美国#@国际在线@星辉STARLIGHT@丝绸之旅SILKROAD泰国6月21日，商务部新闻发言人就美国实施涉疆产品全面禁令发表谈话。美东时间6月21日，美国海关和边境保护局依据美国会所谓涉...全文,3285.jpg,0,0,0
#鼠鼠我鸭#鸭脖那两颗大牙，是鸭脖长出来的？,3286.jpg,1,1,1
@交个朋友@交个朋友直播间@黄贺，追了我龙哥那么多年，还就是喜欢较真。一台创维电视，秒的视频中没几句话是宣传对的。、尼特亮度说成纽特、哈曼调音说成曼哈调音、hz刷新率，说成hz刷新率我仔细找了下这个hz刷新率，在详情页中有一页芯片解码hz，哈哈哈，完全看不懂，看不懂，详情页还有个冲突地方，就是关于这个解码又变成了hz解码，哈哈哈，见图图。我心疼交个朋友，失去了专业性，严谨性。更加心疼我龙哥，经常在直播间生气，也许是头发渐白一开始我在该视频下方评论指出问题，还被删除了，难道删了就没问题了吗，就了？又找交个朋友客服，又找交个朋友生活家居客服，一开始没人回真是不想再继续追了其实，是不想看到交个朋友丢人罢了#交个朋友直播间##罗永浩# ,3287.jpg,1,0,1
"The woke!! I got the woke in my house! Damn you target! Curse you Disney and ChickfilA, well I never liked you. ",3288.jpg,0,0,1
笑死哈哈哈哈哈哈#吴签#,3289.jpg,1,1,1
Sea毕业那年我俩差点去天津发展离开前火车站海河边留个念当时sky考了北辰区的公务员幸亏没去要不现在保准是个“糖官”幸亏没去瞅准时机出来创业了记得那段时间准备考试sky天天劳累熬夜刷题丨那方面疲软我还安慰他说不行咱们无姓吧呵反讽不成倒逼他更强了转身就把人家干翻...全文,3290.jpg,1,0,1
#trending #viral #humour #humor #funnyquotes #funnyjokes #funny #jokes #quotesoftheday #quotes #laughs #comedy #lol #funnyposts  #instaquote #lifequotes #magicrajesh #gyaanbaba #memes #hilarious #fun #funnytweets #goodmorning #funnypics #funnypost,3291.jpg,1,1,1
"It cracks me up that Jack Webb and Cinader and Cannell created a scenario where Frank Sinatra Jr's character dates Tina Sinatra's character on Adam12. They never share camera time,  the date happens off screen, but it's still so funny. TS plays Gary Crosby's niece. ",3292.jpg,1,0,1
"And here another masterpiece and in a great shape either!  Thief, Looking glass, trapezoidal box. Simply still my bestevah gaming experience. Loved it. Only had the jewel box at that time. #RetroGames",3293.jpg,1,0,1
#鼠鼠我鸭#玛雅笑死我了原来这么多人都是属鸭脖的鼠鼠我鸭脖子长啦,3294.jpg,1,1,1
#百度##文心一格#已被证实是基于英文数据集，甚至可能用的别人的模型它只是将中文输入翻译为英文再返回结果。现在发现百度#文心一言#也可能是个套壳的。用相同的中文问了国外六个免费#人工智能#，它们基本都正确回答了问题。而百度的文心一言看上去又是将输入的中文翻译成英文，因而无法正确理解并回答问题。这个简单的问题可以轻易测试出，百度的文心一言并不是用中文数据集训练的#AI#，甚至可能都不是基于自研的模型。百度的文心一言不如国外开源AI懂中文，更不用说跟翘楚#ChatGPT#比了。#李彦宏#不会是被他的手下们给骗了吧？不知道现在对华为、阿里和的AI依然有期待是否还现实 ,3295.jpg,1,0,1
2022年才过了11天，美国已经有1191人死于枪击，真是“自由美利坚，枪击每一天”,3296.jpg,1,0,1
Impressive. I’m impressed. Are you impressed??Epic replies. ,3297.jpg,1,1,1
#请在以下图片中找到鸭脖##市监局再次确认高校饭菜异物是鸭脖##鼠鼠我鸭#鼠鼠又来咯,3298.jpg,0,1,1
#鼠鼠我鸭#居然这样上热搜了高新区市场监管某分局江局长也确认是鸭脖有些领导可能十指不沾阳春水，吃的都是高档食材也不啃鸭脖，哪能懂啦？！姥姥懂是懂，姥姥不说维权的小伙要不就委屈一下，想想看革命烈士当年过雪山跨草地，吃皮带咽鱼骨。老鼠头阿不鸭脖子怎么说也是高蛋白呀，再这么闹下去，领导很没面子的鸭！努力大局观！#涉事学校曾因老鼠事件被联合执法##职场那些事儿##食品安全# ,3299.jpg,1,0,1
That’s life #cartoon,3300.jpg,0,1,1
Job preparation material thousands of interview questions and concise answers for #javascript #ruby #reactjs #python #jobs #book #gumroad httpsinterviewbible.odoo.comrCea,3301.jpg,0,0,0
#dreamfanart #dreamsans#dreamtale#dream#undertaleAU#undertaleFanart#undertaleau#FYP#fypviral#fyp#digitalart#digitalartwork#DigitalArtist#cuteJust a quick art ready to go,3302.jpg,0,0,0
#探店##东莞市区##网红店##下午茶#土屋2.0探店强推拍摄地嘻嘻嘻粉色芭比风，蓝色经典风，工业风，怀旧风，地窖风，欧式风，复古风都很让人惊喜地址：东莞市樟村居委会社学路二巷12号导航的话搜李铭辉口腔诊所营业时间：12002000衣着：#hm#背心黑色短裙大方笑作西装外...全文,3303.jpg,0,0,0
刚才我在JD看坚果Pro旁边同事看见后说买买买，又买啥东西？我帮别人买个#锤子手机#同事别买锤子手机，你看也是我同事买的#坚果Pro#修了多少次，屏幕、听筒都换过了！我好看啊！同事还不如买个#HUAWEI#，你看同事的用了两年了都没事儿我华为贵啊！同事其实还是#iPhone#最耐用我嗯end ,3304.jpg,0,0,0
#鼠鼠我鸭#这个纸糊出来的社会没有最荒谬只有更荒谬看上去平平整整整整齐齐其实到处都是口子小风一吹这儿也撕开个大洞那儿也裂开道大缝缝缝补补都懒得做还要你装聋作哑大声说这新装真好看呀不然你就不配是一个人否则凭什么那么多人都说好看但你却睁眼瞎呢问题出在谁身上呢问就是出在鼠鼠身上鸭鼠鼠我鸭十分美味鸭冲鸭冲鸭冲鸭 ,3305.jpg,0,1,1
Wow @MallardOrder. What have I ever done to deserve this? Been a holder since day 1 and only express sarcasm generously. Unreal. And no I didn’t steal this from someone else. Or did I?  ,3306.jpg,1,1,1
"The  is that the school district his wife works at hosts Asian international students, and recently posted how they celebrated the #ChineseNewYear",3307.jpg,1,0,1
12张赤裸裸的讽刺插画！99%的人都经历过,3308.jpg,0,1,0
#文心一言#终于可以测试文心一言了，内测这么久了，貌似还是有点人工智障,3309.jpg,1,1,1
是鼠是鸭，很好辨别，看它牙齿。有齿是鼠，无齿是鸭。。。无耻施压啊#鼠鼠我鸭#公主岭市,3310.jpg,1,1,1
留个爪，等考完证券从业资格证和银行从业资格证看#经济#,3311.jpg,0,0,0
#鼠鼠我鸭##市监局再次确认高校饭菜异物是鸭脖##鸭脖#,3312.jpg,0,0,1
My ex has the exact same expression on her face. And I hope she's ok. There is a lot of irony here. By artist @cactussart #tezosart #tezoscommunity #NFT #nftart #NFTCommunity #objktcom #NFTsales ,3313.jpg,1,1,1
#文心一言#学习能力还有待提高,3314.jpg,0,0,0
卷王,3315.jpg,0,1,1
#文心一言#苹果汽车，有点意思,3316.jpg,1,1,1
#鼠鼠我鸭#其实网友的关注点正面回应就好了！、这是一道什么菜解释里面为什么会有鸭脖、检测报告公布一下有信服力、检测的高清照片公布一下视频里流传的版本确实很容易让人遐想你觉得呢？武汉汉口站,3317.jpg,1,0,1
#团圆行动#今天，电影《亲爱的》原型、湖北孙海洋夫妻将带着孙卓回到监利市红城乡何赵村，和老家的亲人团聚。#突发事件#父子此前在深圳的认亲仪式上幸福相拥，#团圆行动#孙卓轻声在爸爸耳边说着“爸爸，没事”。#你怎么看#由于孙卓发声：有点愧疚，应该不留在亲生父母身边。#宝贝回家#孙海洋大度表示...全文,3318.jpg,0,0,0
#文心一言##ai绘画#,3319.jpg,0,0,0
不敢穿出街的BM风那就在试衣间里过下瘾哈哈哈#HM##bm#深圳福华村,3320.jpg,0,0,0
评论：自由美利坚枪击每一天,3321.jpg,1,0,1
"Upon opening her Happy Meal, my youngest daughter attempted to pronounce his name and came up with King Torta. I laughed for a minute straight. #LittleMermaid??? ",3322.jpg,1,0,1
#文心一言##人工智能##chatgpt#细思极恐啊,3323.jpg,0,0,0
#GNTwitterverse Time to crawl into bed and hope for a better tomorrow.  #AIArtSociety #TheBeastsofAI #Synthography #AIIA #NFTArtwork,3324.jpg,1,1,1
#小郑同学打工日记#今天突然收到文心一言的内测信息还有一点懵结果苹果还不能用，着急忙活的借了一个手机想赶紧体验一下文生图有点不是很好用的样子#文心一言##百度#,3325.jpg,0,0,0
#鼠鼠我鸭#鼠鼠笑发财咯,3326.jpg,0,0,0
They clearly missed the irony in their own review. #tattoo #maine  #everythinghappensforareason #review,3327.jpg,1,0,1
"VACANCY!!VACANCY!!!We are hiring for the positions mentioned above.Salary ranges from 40  above.To apply, send a Dm!Please don’t apply if you’re not qualified#vacanciesinabuja #jobsinabuja #jobs #AbujaTwitterCommunity",3328.jpg,0,0,0
the irony is to much .. .. imagine how many times men has threw money at her .. .. #stripchallenge #money,3329.jpg,1,0,1
This kid just LOVES shopping with her mummas  At least there’s couches,3330.jpg,1,0,1
